title syriaca-headword.en		New URI	relation skos---broadMatch		Edition 1	witnesses.Edition 1	title syriaca-headword.Edition 1.syr	title.Edition 1.syr	title.Edition 1.syr-Syrj	title.Edition 1.syr	note prologue.Edition 1.syr	title final-rubric.Edition 1.syr	title.Edition 2.syr	Edition 2		idno URI	idno URI	idno URI	idno URI	idno URI	citedRange pp.Edition 1			Source 1	title abbreviation.Source 1.en	title abbreviation.Source 1.en	title.Source 1.en	title.Source 1.en	title.Source 1.en	Edition 3	witnesses.Edition 3	citedRange entry.Edition 3	Edition 4	note prologue.Edition 4.syr	witnesses.Edition 4	title.Edition 4.syr	title.Edition 4.syr	note incipit.Edition 4.syr		citedRange entry.Edition 4	citedRange entry.Edition 4		citedRange verse.Edition 4	Edition 5	witnesses.Edition 5	citedRange entry.Edition 5	citedRange pp.Edition 5			Source 2	Ms 1	citedRange vol.Ms 1	citedRange fol.Ms 1	Ms 2	citedRange fol.Ms 2	Ms 3	Edition 6	title.Edition 6.syr	citedRange pp.Edition 6	witnesses.Edition 6	Edition 7	citedRange pp.Edition 7	Edition 8	citedRange pp.Edition 8	witnesses.Edition 8	title.Edition 8.syr-Syrj	note prologue.Edition 8.syr-Syrj	Edition 9	citedRange vol.Edition 9	Edition 0	witnesses.Edition 0	Source 3	Source 4	Apparatus 1	citedRange vol.Apparatus 1	citedRange pp.Apparatus 1	Apparatus 2	citedRange vol.Apparatus 2	citedRange pp.Apparatus 2	Catalogue 1	citedRange pp.Catalogue 1	Catalogue 2
***Headword	Syriaca URI	Syriaca ID	In Literary Tradition	UBS Order	UBS bibl	UBS witnesses	Syriac Name (UBS)	Alternate Syriac Name (UBS)	Alternate Syriac Name Vocalized (UBS)	Alternate Syriac Name (UBS)	Rubric (UBS)	Final Rubric (UBS)		Antioch Bible bibl	English Name (Wikipedia)		Wikidata	VIAF URI				Start page in UBS	End page in UBS	SBL Handbook	SBL Abbreviation	SBL Alternate Abbreviation	SBL Title	SBL Alternate Title	SBL Alternate Title	Leiden Electronic Peshitta			CAL					CAL Incipit	CAL ID		CAL Title	CAL Link						OCP Title	OCP Link	Abdisho/Assemani							Lagarde/Other				Lee 1823			Lee 1826				Mosul Edition		Leiden Print			Leiden Preface									
Genesis (Peshitta Version)	http://syriaca.org/work/1	1	9628	1	2335	Edition 7	ܣܦܪܐ ܕܒܪܝܫܝܬ	ܣܦܪܐ ܕܒܪܝܬܐ			ܒܫܡ ܡܪܝܐ ܐܚܝ̣ܕ ܟܠ ܡܫ̣ܪܝܢܢ ܕܢܚ̣ܬܘ̇ܡ ܟܬܒܐ ܕܐܘܪܝܬܐ ܕܡܘܫܐ ܢܒܝܐ				Genesis	https://en.wikipedia.org/wiki/Book_of_Genesis	https://www.wikidata.org/wiki/Q9184	https://viaf.org/viaf/174582712			1-42	1	42	2432	Gen		Genesis			2438	Ms 1	Genesis	2439		Edition 3			ܒܪܫܝܬ ܒܪܐ ܐܠܗܐ܂ ܝܬ ܫܡܝܐ ܘܝܬ ܐܪܥܐ܂	62001	62001 [http://cal1.cn.huc.edu/showsubtexts.php?subtext=62001&cset=USyriac]	P Gn	http://cal1.cn.huc.edu/showsubtexts.php?subtext=62001&cset=USyriac									Milan, Ambrosian Library, B. 21. Inf. (7a1)										2346	1-42	2381	1-42	Edition 7			2443	1	2389	Ms 1		2387									2442
Exodus (Peshitta Version)	http://syriaca.org/work/2	2	9632	2	2335	Edition 7	ܣܦܪܐ ܕܡܦܩܢܐ	ܣܦܪܐ ܕܬܪܝܢ ܪܐܘܪܝܬܐ ܪܡܫܬܡ̇ܗ ܡ̇ܦܩܢܐ					ܟܬܒܐ ܕܡܦܩܢܐ	2379	Exodus	https://en.wikipedia.org/wiki/Book_of_Exodus	https://www.wikidata.org/wiki/Q9190				42-76	42	76	2432	Exod		Exodus			2438	Ms 1	Exodus	2439		Edition 3			ܘܗܠܝܢ ܫܡ̈ܗܐ ܕܒܢ̈ܝ ܐܝܣܪܝܠ ܕܥܠܘ ܠܡܨܪܝܢ ܥܡ ܝܥܩܘܒ܂ ܓܒܪ ܘܒܝܬܗ ܥܠܘ܂	62002	62002 [http://cal1.cn.huc.edu/showsubtexts.php?subtext=62002&cset=USyriac]	P Ex	http://cal1.cn.huc.edu/showsubtexts.php?subtext=62002&cset=USyriac									Milan, Ambrosian Library, B. 21. Inf. (7a1)										2346	42-76	2381	42-76	Edition 7			2443	1	2390	Ms 1		2387									2442
Leviticus (Peshitta Version)	http://syriaca.org/work/3	3	9520	3	2335	Edition 7	ܣܦܪܐ ܕܟܗ̈ܢܐ	ܣܦܪܐ ܕܟܗ̈ܢܐ. ܕܬܠ̈ܬܐ ܕܐܘܪܝܬܐ					ܣܦܪܐ ܕܟܗ̈ܢܐ	2371	Leviticus	https://en.wikipedia.org/wiki/Book_of_Leviticus	https://www.wikidata.org/wiki/Q41490				76-101	76	101	2432	Lev		Leviticus			2438	Ms 1	Leviticus	2439		Edition 3			ܘܩܪܐ ܡܪܝܐ ܠܡܘܫܐ܂ ܘܡܠܠ ܥܡܗ ܡܢ ܡܫܟܢܙܒܢܐ ܠܡܐܡܪ܂	62003	62003 [http://cal1.cn.huc.edu/showsubtexts.php?subtext=62003&cset=USyriac]	P Lv	http://cal1.cn.huc.edu/showsubtexts.php?subtext=62003&cset=USyriac									Milan, Ambrosian Library, B. 21. Inf. (7a1)										2346	76-101	2381	76-101	Edition 7			2443	1	2391	Ms 1		2387									2442
Numbers (Peshitta Version)	http://syriaca.org/work/4	4	9652	4	2335	Edition 7	ܣܦܪܐ ܕܡܢ̇ܝܢܐ	ܡܢܝ̇ܢܐ ܣܦܪܐ ܕܐܪܒܥܐ ܕܐܘܪܝܬܐ					ܣܦܪܐ ܕܡܢܝܢܐ	2374	Numbers	https://en.wikipedia.org/wiki/Book_of_Numbers	https://www.wikidata.org/wiki/Q43099				101-136	101	136	2432	Num		Numbers			2438	Ms 1	Numbers	2439		Edition 3			ܘܡܠܠ ܡܪܝܐ ܥܡ ܡܘܫܐ ܒܡܕܒܪܐ ܕܣܝܢܝ ܒܡܫܟܢܙܒܢܐ܂ ܒܚܕ ܒܝܪܚܐ ܬܢܝܢܐ܂ ܒܫܢܬ ܬܪ̈ܬܝܢ ܟܕ ܢܦܩܘ ܒܢ̈ܝ ܐܝܣܪܝܠ ܡܢ ܐܪܥܐ ܕܡܨܪܝܢ ܘܐܡܪ ܠܗ܂	62004	62004 [http://cal1.cn.huc.edu/showsubtexts.php?subtext=62004&cset=USyriac]	P Nm	http://cal1.cn.huc.edu/showsubtexts.php?subtext=62004&cset=USyriac									Milan, Ambrosian Library, B. 21. Inf. (7a1)										2346	101-136	2381	101-136	Edition 7			2443	1	2392	Ms 1		2387									2442
Deuteronomy (Peshitta Version)	http://syriaca.org/work/5	5	9522	5	2335	Edition 7	ܣܦܪܐ ܕܬܢ̇ܝܢ ܢܡܘܣܐ	ܬܢܝ̇ܢ ܢ̇ܡܘܣܐ ܣ̣ܦܪܐ ܕܚܡ̈ܫܐ ܕܐܘܪܝܬܐ					ܣܦܪܐ ܕܬܢܝܢ ܢܡܘܣܐ	2365	Deuteronomy	https://en.wikipedia.org/wiki/Book_of_Deuteronomy	https://www.wikidata.org/wiki/Q42614				136-166	136	166	2432	Deut		Deuteronomy			2438	Ms 1	Deuteronomy	2439		Edition 3			ܘܗܠܝܢ ܦܬ̈ܓܡܐ ܕܐܡܪ ܡܘܫܐ ܠܟܠܗ <ܒܝܬ> ܐܝܣܪܝܠ܂ ܒܥܒܪܐ ܕܝܘܪܕܢܢ ܒܡܕܒܪܐ܂ ܠܘܩܒܠ ܣܘܦ܂ ܒܝܬ ܦܪܢ ܘܒܝܬ ܬܦܠ܂ ܘܠܒܢܢ ܘܚܨܪܘܬ ܘܪܙܗܒ܂	62005	62005 [http://cal1.cn.huc.edu/showsubtexts.php?subtext=62005&cset=USyriac]	P Dt	http://cal1.cn.huc.edu/showsubtexts.php?subtext=62005&cset=USyriac									Milan, Ambrosian Library, B. 21. Inf. (7a1)										2346	136-166	2381	136-166	Edition 7			2443	1	2393	Ms 1		2387									2442
Job (Peshitta Version)	http://syriaca.org/work/18	18	9535	6	2335	Edition 7	ܣܦܪܐ ܕܐܝܘܒ	ܟܬܒܐ ܕܐܝܘܒ		ܟܬܒܐ ܕܐܝܘܒ ܙܕܝܩܐ	ܒܫܡ ܐܒܐ ܘܒܪܐ ܘܪܘܚܐ ܩܕܝܫܐ ܚܕ ܐܠܗܐ ܡܫ̣ܪܝܢܢ ܠܡܟ̣ܬܒ ܟܬܒܐ ܕܐܝܘܒ ܙܕܝܩܐ		ܟܬܒܐ ܕܐܝܘܒ ܙܕܝܩܐ	2378	Job	https://en.wikipedia.org/wiki/Book_of_Job	https://www.wikidata.org/wiki/Q4577				166-186	166	186	2432	Job		Job			2438	Ms 1	Job	2439		Edition 3			ܓܒܪܐ ܚܕ ܐܝܬ ܗܘܐ ܒܐܪܥܐ ܕܥܘܨ܂ ܐܝܘܒ ܫܡܗ܂ ܓܒܪ ܗܘܐ ܬܡܝܡ ܘܙܕܝܩ ܘܕܿܚܠ ܠܐܠܗܐ ܘܣܿܛܐ ܡܢ ܒܝܫܬܐ܂	62028	62028 [http://cal1.cn.huc.edu/showsubtexts.php?subtext=62028&cset=USyriac]	P Job	http://cal1.cn.huc.edu/showsubtexts.php?subtext=62028&cset=USyriac									Milan, Ambrosian Library, B. 21. Inf. (7a1)										2346	166-186	2381	166-186	Edition 7			2443	2	2395	Ms 1		2387									2442
Joshua (Peshitta Version)	http://syriaca.org/work/6	6	9666	7	2335	Edition 7	ܣܦܪܐ ܕܝܫܘܥ ܒܪ ܢܘܢ	ܟܬܒܐ ܕܝܫܘܥ ܒܪܢܘܢ ܬܠܡܝܕܗ ܕܡܘܫܐ					ܣܦܪܐ ܕܝܫܘܥ ܒܪ ܢܘܢ	2375	Joshua	https://en.wikipedia.org/wiki/Book_of_Joshua	https://www.wikidata.org/wiki/Q47680	https://viaf.org/viaf/181443388			186-208	186	208	2432	Josh		Joshua			2438	Ms 1	Joshua	2439		Edition 3			ܘܡܢ ܒܬܪ ܕܡܝܬ ܡܘܫܐ ܥܒܕܗ ܕܡܪܝܐ܂ ܐܡܪ ܡܪܝܐ ܠܝܫܘܥ ܒܪ`ܢܘܢ ܡܫܡܫܢܗ ܕܡܘܫܐ܂	62006	62006 [http://cal1.cn.huc.edu/showsubtexts.php?subtext=62006&cset=USyriac]	P Jos	http://cal1.cn.huc.edu/showsubtexts.php?subtext=62006&cset=USyriac									Milan, Ambrosian Library, B. 21. Inf. (7a1)										2346	186-208	2381	186-208	Edition 7			2443	1	2394	Ms 1		2387									2442
Judges (Peshitta Version)	http://syriaca.org/work/7	7	9650	8	2335	Edition 7	ܣܦܪܐ ܕܕܝܢ̈ܐ ܕܒܢ̈ܝ ܐܝܣܪܐܝܠ	ܣܦܪ ܕܝ̇ܢ̈ܐ ܕܒ̈ܢܝ ܐܝܣܪܐܝܠ. ܕܡ̣ܬܩܪܐ ܥܒܪܐܝܬ ܫܦ̈ܛܐ					ܣܦܪܐ ܕܕܝ̈ܢܐ	2376	Judges	https://en.wikipedia.org/wiki/Book_of_Judges	https://www.wikidata.org/wiki/Q81240	https://viaf.org/viaf/89144814454212127787	https://viaf.org/viaf/644144783030144873502		208-229	208	229	2432	Judg		Judges			2438	Ms 1	Judges	2439		Edition 3			ܘܗܘܐ ܡܢ ܒܬܪ ܕܡܝܬ ܝܫܘܥ ܒܪ`ܢܘܢ ܥܒܕܗ ܕܡܪܝܐ܂ ܫܐܠܘ ܒܢ̈ܝ ܐܝܣܪܝܠ ܒܡܪܝܐ ܘܐܡܪ̈ܝܢ܂ ܡܢܘ ܢܣܩ ܠܢ ܥܠ ܟܢܥܢ̈ܝܐ ܒܪܝܫܐ܂ ܠܡܬܟܬܫܘ ܥܡܗܘܢ ܒܩܪܒܐ܂	62007	62007 [http://cal1.cn.huc.edu/showsubtexts.php?subtext=62007&cset=USyriac]	P Ju	http://cal1.cn.huc.edu/showsubtexts.php?subtext=62007&cset=USyriac									Milan, Ambrosian Library, B. 21. Inf. (7a1)										2346	208-229	2381	208-229	Edition 7			2443	1	2396	Ms 1		2387									2442
1 Samuel (Peshitta Version)	http://syriaca.org/work/9	9	9526	9	2335	Edition 7	ܣܦܪܐ ܕܫܡܘܐܝܠ ܢܒܝܐ ܩܕܡܝܐ	ܟܬܒܐ ܕܫܡܘܐܝܠ ܢܒܝܐ						2370							229-257	229	257	2432	1 Sam	1 Kgdms	1 Samuel	1 Kingdoms		2438	Ms 1	1 Samuel	2439		Edition 3			ܘܗܘܐ ܓܒܪܐ ܚܕ ܡܢ ܪܡܬܐ ܕܕܘܩ̈ܐ ܡܢ ܛܘܪܐ ܕܐܦܪܝܡ܂ ܘܫܡܗ ܗܠܩܢܐ܂ ܒܪ ܝܪܚܘܡ ܒܪ ܐܠܝܗܘ܂ ܒܪ ܬܚܘ܂ ܒܪ ܨܘܦ ܐܦܪܬܝܐ܂	62008	62008 [http://cal1.cn.huc.edu/showsubtexts.php?subtext=62008&cset=USyriac]	P 1S	http://cal1.cn.huc.edu/showsubtexts.php?subtext=62008&cset=USyriac									Milan, Ambrosian Library, B. 21. Inf. (7a1)										2346	229-257	2381	229-257	Edition 7			2443	1	2397	Ms 1		2387									2442
2 Samuel (Peshitta Version)	http://syriaca.org/work/10	10	9527	10	2335	Edition 7	ܣܦܪܐ ܕܫܡܘܐܝܠ ܢܒܝܐ ܕܬܪܝܢ	 ܣ̣ܦܪܐ ܕܬܪܝܢ ܕܡܠ̈ܟܐ ܕܒ̈ܢܝ ܐܝܣܪܐܝܠ			ܬܘ̣ܒ ܣ̣ܦܪܐ ܕܬܪܝܢ ܕܡܠ̈ܟܐ ܕܒ̈ܢܝ ܐܝܣܪܐܝܠ			2370							257-280	257	280	2432	2 Sam	2 Kgdms	2 Samuel	2 Kingdoms		2438	Ms 1	2 Samuel	2439		Edition 3			ܘܗܘܐ ܡܢ ܒܬܪ ܕܡܝܬ ܫܐܘܠ ܘܕܘܝܕ ܗܦܟ ܡܢ ܕܠܡܚܪܒ ܠܥܡ̈ܠܩܝܐ܂ ܘܝܬܒ ܕܘܝܕ ܒܨܢܩܠܓ ܝܘܡ̈ܬܐ ܬܪ̈ܝܢ܂	62009	62009 [http://cal1.cn.huc.edu/showsubtexts.php?subtext=62009&cset=USyriac]	P 2S	http://cal1.cn.huc.edu/showsubtexts.php?subtext=62009&cset=USyriac									Milan, Ambrosian Library, B. 21. Inf. (7a1)										2346	257-280	2381	257-280	Edition 7			2443	1	2397	Ms 1		2387									2442
1 Kings (Peshitta Version)	http://syriaca.org/work/11	11	9662	11	2335	Edition 7	ܣܦܪܐ ܩܕܡ ܕܡܠܟ̈ܐ	ܣܦܪ ܡ̈ܠܟܐ			ܬܘܒ ܣܦܪ ܡ̈ܠܟܐ ܕܗܘ̣ܘ ܒܗ ܒܥܡ̇ܐ ܗܘ̇ ܥܬܝܩܐ ܕܒܗ ܒܟܬܒܐ ܣܝ̈ܡܢ ܬܫܥ̈ܝܬܐ ܕܢܒ̈ܝܐ ܕܗ̣ܘܘ ܒܗܘ̇ܢ ܒܙܒ̈ܢܐ ܗܠܝܢ. ܒܕܪ̈ܝܗܘ̇ܢ										280-308	280	308	2432	1 Kgs	3 Kgdms	1 Kings	3 Kingdoms		2438	Ms 1	1 Kings	2439		Edition 3			ܘܡܠܟܐ ܕܘܝܕ ܣܐܒ ܘܥܠ ܒܫ̈ܢܝܐ܂ ܘܡܟܣܝܢ ܗܘܘ ܠܗ ܒܠܒܘܫ̈ܐ ܘܠܐ ܫܚܢ܂	62010	62010 [http://cal1.cn.huc.edu/showsubtexts.php?subtext=62010&cset=USyriac]	P 1K	http://cal1.cn.huc.edu/showsubtexts.php?subtext=62010&cset=USyriac									Milan, Ambrosian Library, B. 21. Inf. (7a1)										2346	280-308	2381	280-308	Edition 7			2443	1	2399	Ms 1		2387									2442
2 Kings (Peshitta Version)	http://syriaca.org/work/12	12	9529	12	2335	Edition 7	ܣܦܪܐ ܬܪܝܢ ܕܡܠ̈ܟܐ														308-334	308	334	2432	2 Kgs	4 Kgdms	2 Kings	4 Kingdoms		2438	Ms 1	2 Kings	2439		Edition 3			ܘܡܪܕ ܡܘܐܒ ܥܠ ܡܠܟܐ ܕܐܝܣܪܝܠ ܡܢ ܒܬܪ ܕܡܝܬ ܐܚܒ܂	62011	62011 [http://cal1.cn.huc.edu/showsubtexts.php?subtext=62011&cset=USyriac]	P 2K	http://cal1.cn.huc.edu/showsubtexts.php?subtext=62011&cset=USyriac									Milan, Ambrosian Library, B. 21. Inf. (7a1)										2346	308-334	2381	308-334	Edition 7			2443	1	2399	Ms 1		2387									2442
1 Chronicles (Peshitta Version)	http://syriaca.org/work/13	13	9530	13	2335	Edition 7	ܣܦܪܐ ܩܕܡܝܐ ܕܒܪܝܡܝܢ	ܣܦܪ ܕܒܪܝܡܝܢ		ܣܦܪ ܕܘܒܪ ܝܘܡ̈ܬܐ ܕܡ̈ܠܟܐ ܕܝܗܘܕܐ	ܬܘܒ ܣܦܪ ܕܘܒܪ ܝܘܡ̈ܬܐ ܕܡ̈ܠܟܐ ܕܝܗܘܕܐ. ܕܡܬܩܪܐ ܣܦܪ ܕܒܪܝܡܝܢ										334-363	334	363	2432	1 Chr		1 Chronicles			2438	Ms 1	1 Chronicles	2439		Edition 3, Ms 1			ܐܕܡ܂ ܫܝܬ܂ ܐܢܘܫ܂	62038	62038 [http://cal1.cn.huc.edu/showsubtexts.php?subtext=62038&cset=USyriac]	P 1Ch	http://cal1.cn.huc.edu/showsubtexts.php?subtext=62038&cset=USyriac									Milan, Ambrosian Library, B. 21. Inf. (7a1)										2346	334-363	2381	334-363	Edition 7			2443	1	2408	Ms 1		2387									2442
2 Chronicles (Peshitta Version)	http://syriaca.org/work/14	14	9531	14	2335	Edition 7	ܣܦܪܐ ܬܪܝܢ ܕܒܪܝܡܝܢ	ܦܠܓܘܬܐ ܬܪܝܢܝܬܐ ܕܣܦܪ ܕܒܪܝܡܝܢ													363-392	363	392	2432	2 Chr		2 Chronicles			2438	Ms 1	2 Chronicles	2439		Edition 3			ܘܐܬܥܫܢ ܫܠܝܡܘܢ ܒܪܗ ܕܕܘܝܕ ܒܡܠܟܘܬܗ܂ ܕܡܪܝܐ ܐܠܗܗ ܥܡܗ܂ ܘܐܘܪܒܗ ܠܥܠ ܡܢ ܟܠܗܘܢ ܡ̈ܠܟܝܗܿ ܕܐܪܥܐ܂	62039	62039 [http://cal1.cn.huc.edu/showsubtexts.php?subtext=62039&cset=USyriac]	P 2Ch	http://cal1.cn.huc.edu/showsubtexts.php?subtext=62039&cset=USyriac									Milan, Ambrosian Library, B. 21. Inf. (7a1)										2346	363-392	2381	363-392	Edition 7			2443	1	2408	Ms 1		2387									2442
Psalms (Peshitta Version)	http://syriaca.org/work/19	19	9672	15	2335	Edition 7	ܣܦܪܐ ܕܡܙܡܘܪ̈ܐ	ܟܬܒܐ ܕܡܙܡ̣ܘܪ̈ܐ ܕܕܘܝܕ ܡ̇ܠܟܐ ܘܢܒܝܐ							Psalms	https://en.wikipedia.org/wiki/Psalms	https://www.wikidata.org/wiki/Q41064				392-451	392	451	2432	Ps	Pss	Psalms			2438	Ms 1	Psalms	2439		Edition 3			ܛܘܒܘܗܝ ܠܓܒܪܐ ܕܒܐܘܪܚܐ ܕܥܘ̈ܠܐ ܠܐ ܗܠܟ܂ ܘܒܪܥܝܢܐ ܕܚ̈ܛܝܐ ܠܐ ܩܡ܂ ܘܥܠ ܡܘܬܒܐ ܕܡܡܝ̈ܩܢܐ ܠܐ ܝܬܒ܂	62027	62027 [http://cal1.cn.huc.edu/showsubtexts.php?subtext=62027&cset=USyriac]	P Ps	http://cal1.cn.huc.edu/showsubtexts.php?subtext=62027&cset=USyriac									Milan, Ambrosian Library, B. 21. Inf. (7a1)										2346	392-451	2381	392-451	Edition 7			2443	2	2398	Ms 1		2387									2442
Proverbs (Peshitta Version)	http://syriaca.org/work/20	20	9652	16	2335	Edition 7	ܣܦܪܐ ܕܡ̈ܬܠܐ ܕܫܠܝܡܘܢ	ܟܬܒܐ ܕܡ̈ܬܠܐ ܕܫܠܝܡܘܢ ܒܪ ܕܘܝܕ ܡ̇ܠܟܐ ܕܐܝܣܪܐܝܠ							Proverbs	https://en.wikipedia.org/wiki/Book_of_Proverbs	https://www.wikidata.org/wiki/Q4579				451-470	451	470	2432	Prov		Proverbs			2438	Ms 1	Proverbs	2439		Edition 3			ܡܬ̈ܠܘܗܝ ܕܫܠܝܡܘܢ ܒܪ ܕܘܝܕ ܡܠܟܐ ܕܐܝܣܪܝܠ܂	62029	62029 [http://cal1.cn.huc.edu/showsubtexts.php?subtext=62029&cset=USyriac]	P Prov	http://cal1.cn.huc.edu/showsubtexts.php?subtext=62029&cset=USyriac									Milan, Ambrosian Library, B. 21. Inf. (7a1)										2346	451-470	2381	451-470	Edition 7			2443	2	2400	Ms 1		2387									2442
Ecclesiastes (Peshitta Version)	http://syriaca.org/work/21	21	9538	17	2335	Edition 7	ܣܦܪܐ ܕܩܘܗܠܬ	ܟܬܒܐ ܕܩܘܗܠ̣ܬ݁ ܕܗܘ̣ ܫܠܝܡܘܢ ܒܪ ܕܘܝܕ ܡ̇ܠܟܐ ܕܐܝܣܪܐܝܠ							Ecclesiastes	https://en.wikipedia.org/wiki/Ecclesiastes	https://www.wikidata.org/wiki/Q131072				470-477	470	477	2432	Eccl	Qoh	Ecclesiastes	Qoheleth		2438	Ms 1	Ecclesiastes	2439		Edition 3			ܦܬ̈ܓܡܘܗܝ ܕܩܘܗܠܬ ܒܪ ܕܘܝܕ ܡܠܟܐ ܕܐܘܪܫܠܡ܂	62032	62032 [http://cal1.cn.huc.edu/showsubtexts.php?subtext=62032&cset=USyriac]	P Eccl	http://cal1.cn.huc.edu/showsubtexts.php?subtext=62032&cset=USyriac									Milan, Ambrosian Library, B. 21. Inf. (7a1)										2346	470-477	2381	470-477	Edition 7			2443	2	2402	Ms 1		2387									2442
Ruth (Peshitta Version)	http://syriaca.org/work/8	8	9651	18	2335	Edition 7	ܣܦܪܐ ܕܪܥܘܬ ܡܘܐܒܝܬܐ	ܟܬܒܐ ܕܪܥܘܬ ܡܘܐܒܝܬܐ			ܒܫܡ ܐܠܗܐ ܚܝܐ ܢܟܬ̣ܘܒ ܟܬܒܐ ܕܪܥܘܬ ܡܘܐܒܝܬܐ				Ruth	https://en.wikipedia.org/wiki/Book_of_Ruth	https://www.wikidata.org/wiki/Q80038				477-480	477	480	2432	Ruth		Ruth			2438	Ms 1	Ruth	2439		Edition 6, Ms 1			ܘܗܼܘܐ ܒܝܘ̈ܡܝ ܕܝܿܢ̈ܐ܀ ܗܼܘܐ ܟܦܢܐ ܒܐܪܥܐ܂ ܘܐܙܠ ܓܒܪܐ ܡܢ ܒܝܬ ܠܚܡ ܕܝܗܘܕܐ ܠܡܥܡܪ ܒܐܪܥܐ ܕܡܘܐܒ܃ ܗܼܘ ܘܐܢܬܬܼܗ ܘܒ̈ܢܘܗܝ ܡܛܠ ܕܥܼܫܢ ܟܦܢܐ ܒܐܪܥܐ܀	62030	62030 [http://cal1.cn.huc.edu/showsubtexts.php?subtext=62030&cset=USyriac]	P Ruth	http://cal1.cn.huc.edu/showsubtexts.php?subtext=62030&cset=USyriac									Milan, Ambrosian Library, B. 21. Inf. (7a1)						2380			Edition 7	2346	477-480	2381	477-480	Edition 7			2443	1	2424	Ms 1		2387									2442
Song of Songs (Peshitta Version)	http://syriaca.org/work/22	22	9539	19	2335	Edition 7	ܣܦܪܐ ܕܬܫܒܚܬ ܬܫܒ̈ܚܬܐ				ܬܘܒ ܚܟܡ̣ܬ݁ ܚܟ̈ܡܬܐ ܕܝܠܗ ܕܫܠܝܡܘ̇ܢ܀ ܟܬܒ̇ܐ ܕܡܬܩ̣ܪܐ ܥܒܪܐܝܬ. ܫܝ̣ܪܬ݁ ܫܝ̣ܪܝܢ. ܐܘ̇ܟܝܬ ܬܫܒܚ̣ܬ݁ ܬܫܒ̈ܚܬܐ				Song of Songs	https://en.wikipedia.org/wiki/Song_of_Songs	https://www.wikidata.org/wiki/Q51670				480-483	480	483	2432	Song	Cant	Song of Songs	Song of Solomon	Canticles	2438	Ms 1	Song of Songs	2439					ܬܫܒܚܬ ܬܫܒ̈ܚܬܐ ܕܫܠܝܡܘܢ	62031	62031 [http://cal1.cn.huc.edu/showsubtexts.php?subtext=62031&cset=USyriac]	P Song	http://cal1.cn.huc.edu/showsubtexts.php?subtext=62031&cset=USyriac									Milan, Ambrosian Library, B. 21. Inf. (7a1)										2346	480-483	2381	480-483	Edition 7			2443	2	2403	Ms 1		2387									2442
Esther (Peshitta Version)	http://syriaca.org/work/17	17	9534	20	2335	Edition 7	ܣܦܪܐ ܕܐܣܬܝܪ	ܟܬܒܐ ܕܐܣܬܝܪ							Esther	https://en.wikipedia.org/wiki/Book_of_Esther	https://www.wikidata.org/wiki/Q131068				483-490	483	490	2432	Esth		Esther			2438	Ms 1	Esther	2439					ܘܗܼܘܐ ܒܝܘ̈ܡܘܗܝ ܕܐܚܫܝܪܫ ܗܿܘ ܒܪܗ ܕܐܚܫܝܪܫ ܕܐܡܠܟ ܡܢ ܗܘܕ܂ ܘܥܕܡܐ ܠܟܘܫ܂ ܥܠ ܡ̈ܐܐ ܘܥܣܪ̈ܝܢ ܡܕ̈ܝܢܢ܂	62034	62034 [http://cal1.cn.huc.edu/showsubtexts.php?subtext=62034&cset=USyriac]	P Esth	http://cal1.cn.huc.edu/showsubtexts.php?subtext=62034&cset=USyriac									Milan, Ambrosian Library, B. 21. Inf. (7a1)										2346	483-490	2381	483-490	Edition 7			2443	1	2426	Ms 1		2387									2442
Ezra (Peshitta Version)	http://syriaca.org/work/15	15	9532	21	2335	Edition 7	ܣܦܪܐ ܕܥܙܪܐ ܢܒܝܐ	ܟܬܒܐ ܕܥܙܪܐ ܢܒܝܐ							Ezra	https://en.wikipedia.org/wiki/Book_of_Ezra	https://www.wikidata.org/wiki/Q131635				490-500	490	500	2432	Ezra		Ezra			2438	Ms 1	Ezra	2439		Edition 3			ܒܫܢܬ ܚܕܐ ܠܟܘܪܫ ܡܠܟܐ ܕܦܪܣ܃ ܠܫܘܠܡ ܦܬܓܡܗ ܕܡܪܝܐ ܡܢ ܦܬܓܡܗ ܕܐܪܡܝܐ ܢܒܝܐ܃ ܐܥܝܪ ܡܪܝܐ ܪܘܚܗ ܕܡܿܠܟܐ ܕܦܪܣ܃ ܘܐܥܒܪ ܩܠܐ ܒܟܠܗܿ ܡܠܟܘܬܗ ܘܐܦ ܒܟܬܒܐ ܐܡܼܪ܂	62036	62036 [http://cal1.cn.huc.edu/showsubtexts.php?subtext=62036&cset=USyriac]	P Ezra	http://cal1.cn.huc.edu/showsubtexts.php?subtext=62036&cset=USyriac									Milan, Ambrosian Library, B. 21. Inf. (7a1)										2346	490-500	2381	490-500	Edition 7			2443	1	2417	Ms 1		2387									2442
Nehemiah (Peshitta Version)	http://syriaca.org/work/16	16	9533	22	2335	Edition 7	ܣܦܪܐ ܕܢܚܡܝܐ		ܢܚܰܡܝܳܐ						Nehemiah	https://en.wikipedia.org/wiki/Book_of_Nehemiah	https://www.wikidata.org/wiki/Q131640	https://viaf.org/viaf/37711593			500-513	500	513	2432	Neh		Nehemiah			2438	Ms 1	Nehemiah	2439		Edition 3			ܘܗܼܘܐ ܒܝܪܚ ܟܢܘܢ ܒܫܢܬ ܥܣܪܝܢ܂ ܐܢܐ ܩܐܿܡ ܗܿܘܝܬ ܒܫܘܫܢ ܒܝܪܬܐ܂	62037	62037 [http://cal1.cn.huc.edu/showsubtexts.php?subtext=62037&cset=USyriac]	P Neh	http://cal1.cn.huc.edu/showsubtexts.php?subtext=62037&cset=USyriac									Milan, Ambrosian Library, B. 21. Inf. (7a1)										2346	500-513	2381	500-513	Edition 7			2443	1	2417	Ms 1		2387									2442
Isaiah (Peshitta Version)	http://syriaca.org/work/23	23	9640	23	2335	Edition 7	ܣܦܪܐ ܕܐܫܥܝܐ ܒܪ ܐܡܘܨ	ܢܒܝܘܬܗ ܕܐܫܥܝܐ ܒܪ ܐܡܘܨ					ܣܦܪܐ ܕܐܫܥܝܐ ܢܒܝܐ	2444	Isaiah	https://en.wikipedia.org/wiki/Book_of_Isaiah	https://www.wikidata.org/wiki/Q131458	https://viaf.org/viaf/185867018			513-556	513	556	2432	Isa		Isaiah			2438	Ms 1	Isaiah	2439		Edition 3			ܚܙܘܐ ܕܐܫܥܝܐ ܒܪ ܐܡܘܨ܃ ܕܚܙܐ ܥܠ ܝܗܘܕܐ ܘܥܠ ܐܘܪܫܠܡ܃ ܒܝ̈ܘܡܝ ܥܘܙܝܐ ܘܝܘܬܡ܃ ܘܐܚܙ ܘܚܙܩܝܐ ܡ̈ܠܟܐ ܕܝܗܘܕܐ܀܀	62012	62012 [http://cal1.cn.huc.edu/showsubtexts.php?subtext=62012&cset=USyriac]	P Is	http://cal1.cn.huc.edu/showsubtexts.php?subtext=62012&cset=USyriac									Milan, Ambrosian Library, B. 21. Inf. (7a1)										2346	513-556	2381	513-556	Edition 7			2443	2	2404	Ms 1		2387									2442
Hosea (Peshitta Version)	http://syriaca.org/work/28	28	9646	24	2335	Edition 7	ܣܦܪܐ ܕܗܘܫܥ ܢܒܝܐ	ܢܒܝܘܬܗ ܕܗܘܫܥ ܢܒܝܐ						2359	Hosea	https://en.wikipedia.org/wiki/Book_of_Hosea	https://www.wikidata.org/wiki/Q184030	https://viaf.org/viaf/183467032	https://viaf.org/viaf/180609249		556-562	556	562	2432	Hos		Hosea			2438	Ms 1	Hosea	2439		Edition 3, Apparatus 1, Edition 9			 ܦܬܓܡܗ ܕܡܪܝܐ ܕܗܘܐ ܥܠ ܗܘܫܥ ܒܪ ܒܪܝ܂ ܒܝ̈ܘܡܘܗܝ ܕܥܘܙܝܐ ܘܕܝܘܬܡ ܘܕܐܚܙ ܘܕܚܙܩܝܐ ܡ̈ܠܟܐ ܕܝܗܘܕܐ܂ ܘܒܝ̈ܘܡܘܗܝ ܕܝܘܪܒܥܡ ܒܪ ܝܘܐܫ ܡܠܟܐ ܕܐܝܣܪܐܝܠ܂	62015	62015 [http://cal1.cn.huc.edu/showsubtexts.php?subtext=62015&cset=USyriac]	P Ho	http://cal1.cn.huc.edu/showsubtexts.php?subtext=62015&cset=USyriac									Milan, Ambrosian Library, B. 21. Inf. (7a1)										2346	556-562	2381	556-562	Edition 7			2443	2	2406	Ms 1		2387	2382		94-95						2442
Joel (Peshitta Version)	http://syriaca.org/work/29	29	9546	25	2335	Edition 7	ܣܦܪܐ ܕܝܘܝܠ ܢܒܝܐ	ܢܒܝܘܬܗ ܕܝܘܐܝܠ ܢܒܝܐ			ܬܘܒ ܢܒܝܘܬܗ ܕܝܘܐܝܠ ܢܒܝܐ			2359	Joel	https://en.wikipedia.org/wiki/Book_of_Joel	https://www.wikidata.org/wiki/Q131643	https://viaf.org/viaf/211142694	https://viaf.org/viaf/176216021		562-564	562	564	2432	Joel		Joel			2438	Ms 1	Joel	2439		Edition 3, Apparatus 1			ܦܬܓܡܗ ܕܡܪܝܐ ܕܗܘܐ ܥܠ ܝܘܐܝܠ ܒܪ ܒܬܘܐܝܠ܂	62016	62016 [http://cal1.cn.huc.edu/showsubtexts.php?subtext=62016&cset=USyriac]	P Joel	http://cal1.cn.huc.edu/showsubtexts.php?subtext=62016&cset=USyriac									Milan, Ambrosian Library, B. 21. Inf. (7a1)										2346	562-564	2381	562-564	Edition 7			2443	2	2406	Ms 1		2387	2382		96						2442
Amos (Peshitta Version)	http://syriaca.org/work/30	30	9547	26	2335	Edition 7	ܣܦܪܐ ܕܥܡܘܣ ܢܒܝܐ	ܢܒܝܘܬܗ ܕܥܡܘܣ						2359	Amos	https://en.wikipedia.org/wiki/Book_of_Amos	https://www.wikidata.org/wiki/Q174677	https://viaf.org/viaf/183065024			564-569	564	569	2432	Amos		Amos			2438	Ms 1	Amos	2439		Edition 3, Apparatus 1			 ܦܬ̈ܓܡܘܗܝ ܕܥܡܘܣ ܕܗܘܐ ܡܢ ܢܩ̈ܕܐ ܕܒ̈ܢܝ ܬܩܘܥ܂ ܕܚܙܐ ܥܠ ܒܢ̈ܝ ܐܝܣܪܝܠ܂ ܒܝ̈ܘܡܘܗܝ ܕܥܘܙܝܐ ܡܠܟܐ ܕܝܗܘܕܐ܂ ܘܒܝ̈ܘܡܘܗܝ ܕܝܘܪܒܥܡ ܒܪ ܝܘܐܫ ܡܠܟܐ ܕܐܝܣܪܐܝܠ܂ ܬܪ̈ܬܝܢ ܫ̈ܢܝܢ ܡܢ ܩܕܡ ܙܘܥܐ܂	62017	62017 [http://cal1.cn.huc.edu/showsubtexts.php?subtext=62017&cset=USyriac]	P Am	http://cal1.cn.huc.edu/showsubtexts.php?subtext=62017&cset=USyriac									Milan, Ambrosian Library, B. 21. Inf. (7a1)										2346	564-569	2381	564-569	Edition 7			2443	2	2406	Ms 1		2387	2382		94						2442
Obadiah (Peshitta Version)	http://syriaca.org/work/31	31	9548	27	2335	Edition 7	ܣܦܪܐ ܕܥܘܒܕܝܐ ܢܒܝܐ	ܢܒܝܘܬܗ ܕܥܘܒܕܝܐ ܢܒܝܐ			ܬܘܒ ܢܒܝܘܬܗ ܕܥܘܒܕܝܐ ܢܒܝܐ			2359	Obadiah	https://en.wikipedia.org/wiki/Book_of_Obadiah	https://www.wikidata.org/wiki/Q174753	https://viaf.org/viaf/184209830	https://viaf.org/viaf/181846225	https://viaf.org/viaf/211772822	569-570	569	570	2432	Obad		Obadiah			2438	Ms 1	Obadiah	2439	ܬܘܒ ܢܒܝܘܬܗ ܕܥܘܒܕܝܐ܂	Edition 3			ܚܙܘܐ ܕܥܘܒܕܝܐ܂ ܗܟܢܐ ܐܡܪ ܡܪܐ ܡܪ̈ܘܬܐ ܠܐܕܘܡ܂ ܛܒܐ ܫܡܥܢ ܡܢ ܩܕܡ ܡܪܝܐ ܘܐܝܙܓܕܐ ܠܥܡ̈ܡܐ ܐܫܬܠܚ܂ ܩܘܡܘ ܘܢܩܘܡ ܥܠܝܗܿ ܠܩܪܒܐ܂	62018	62018 [http://cal1.cn.huc.edu/get_a_chapter.php?file=62018&cset=U]	P Ob	http://cal1.cn.huc.edu/get_a_chapter.php?file=62018&cset=U									Milan, Ambrosian Library, B. 21. Inf. (7a1)										2346	569-570	2381	569-570	Edition 7			2443	2	2406	Ms 1		2387									2442
Jonah (Peshitta Version)	http://syriaca.org/work/9714	9714	9715	28	2335	Edition 7	ܣܦܪܐ ܕܝܘܢܢ ܢܒܝܐ	ܢܒܝܘܬܗ ܕܝܘܢܢ ܢܒܝܐ			ܬܘܒ ܢܒܝܘܬܗ ܕܝܘܢܢ ܢܒܝܐ			2359	Jonah	https://en.wikipedia.org/wiki/Book_of_Jonah	https://www.wikidata.org/wiki/Q178819	https://viaf.org/viaf/213145294	https://viaf.org/viaf/183065974		570-572	570	572	2432	Jonah		Jonah			2438	Ms 1	Jonah	2439		Edition 3, Apparatus 1			ܘܗܘܐ ܦܬܓܡܐ ܕܡܪܝܐ ܥܠ ܝܘܢܢ ܒܪ ܡܬܝ ܠܡܐܡܪ܂	62019	62019 [http://cal1.cn.huc.edu/showsubtexts.php?subtext=62019&cset=USyriac]	P Jonah	http://cal1.cn.huc.edu/showsubtexts.php?subtext=62019&cset=USyriac									Milan, Ambrosian Library, B. 21. Inf. (7a1)										2346	570-572	2381	570-572	Edition 7			2443	2	2406	Ms 1		2387	2382		94						2442
Micah (Peshitta Version)	http://syriaca.org/work/32	32	9549	29	2335	Edition 7	ܣܦܪܐ ܕܡܝܟܐ ܢܒܝܐ	ܢܒܝܘܬܗ ܕܡܝܟܐ ܢܒܝܐ			ܬܘܒ ܢܒܝܘܬܗ ܕܡܝܟܐ ܢܒܝܐ			2359	Micah	https://en.wikipedia.org/wiki/Book_of_Micah	https://www.wikidata.org/wiki/Q178076	https://viaf.org/viaf/180230104	https://viaf.org/viaf/316742707		572-576	572	576	2432	Mic		Micah			2438	Ms 1	Micah	2439		Edition 3, Apparatus 1			ܦܬܓܡܐ ܕܡܪܝܐ ܕܗܘܐ ܥܠ ܡܝܟܐ ܡܐܪܫܝܐ܂ ܒܝ̈ܘܡܘܗܝ ܕܝܘܬܡ ܘܕܐܚܙ ܘܕܚܙܩܝܐ ܡ̈ܠܟܐ ܕܝܗܘܕܐ܂ ܕܚܙܐ ܥܠ ܫܡܪܝܢ ܘܥܠ ܐܘܪܫܠܡ܂	62020	62020 [http://cal1.cn.huc.edu/showsubtexts.php?subtext=62020&cset=USyriac]	P Mi	http://cal1.cn.huc.edu/showsubtexts.php?subtext=62020&cset=USyriac									Milan, Ambrosian Library, B. 21. Inf. (7a1)										2346	572-576	2381	572-576	Edition 7			2443	2	2406	Ms 1		2387	2382		96						2442
Nahum (Peshitta Version)	http://syriaca.org/work/33	33	9550	30	2335	Edition 7	ܣܦܪܐ ܕܢܚܘܡ ܢܒܝܐ	ܢܒܝܘܬܗ ܕܢܚܘܡ ܢܒܝܐ			ܬܘܒ ܢܒܝܘܬܗ ܕܢܚܘܡ ܢܒܝܐ			2359	Nahum	https://en.wikipedia.org/wiki/Book_of_Nahum	https://www.wikidata.org/wiki/Q179755	https://viaf.org/viaf/186314968	https://viaf.org/viaf/182637061	https://viaf.org/viaf/178962161	576-577	576	577	2432	Nah		Nahum			2438	Ms 1	Nahum	2439		Edition 3, Edition 9, Apparatus 2, Apparatus 1			ܡܚܘܬܐ ܕܢܝܢܘܐ ܕܒܣܦܪܐ ܕܚ̈ܙܘܢܐ ܕܢܚܘܡ ܐܠܩܘܫܝܐ܂	62021	62021 [http://cal1.cn.huc.edu/showsubtexts.php?subtext=62021&cset=USyriac]	P Na	http://cal1.cn.huc.edu/showsubtexts.php?subtext=62021&cset=USyriac									Milan, Ambrosian Library, B. 21. Inf. (7a1)										2346	576-577	2381	576-577	Edition 7			2443	2	2406	Ms 1		2387	2382		94-97	2383	1	511			2442
Habakkuk (Peshitta Version)	http://syriaca.org/work/34	34	9551	31	2335	Edition 7	ܣܦܪܐ ܕܚܒܩܘܩ ܢܒܝܐ	ܢܒܝܘܬܗ ܕܚܒܩܘܩ			ܬܘܒ ܢܒܝܘܬܗ ܕܚܒܩܘܩ			2359	Habbakuk	https://en.wikipedia.org/wiki/Book_of_Habakkuk	https://www.wikidata.org/wiki/Q179760	https://viaf.org/viaf/177827389	https://viaf.org/viaf/179804577		577-579	577	579	2432	Hab		Habakkuk			2438	Ms 1	Habakkuk	2439		Edition 3, Apparatus 1			ܚܙܘܐ ܕܚܙܐ ܚܒܩܘܩ ܢܒܝܐ܂	62022	62022 [http://cal1.cn.huc.edu/showsubtexts.php?subtext=62022&cset=USyriac]	P Hab	http://cal1.cn.huc.edu/showsubtexts.php?subtext=62022&cset=USyriac									Milan, Ambrosian Library, B. 21. Inf. (7a1)										2346	577-579	2381	577-579	Edition 7			2443	2	2406	Ms 1		2387	2382		94, 96						2442
Zephaniah (Peshitta Version)	http://syriaca.org/work/35	35	9552	32	2335	Edition 7	ܣܦܪܐ ܕܨܦܢܝܐ ܢܒܝܐ	ܢܒܝܘܬܗ ܕܨܦܢܝܐ ܢܒܝܐ			ܬܘܒ ܢܒܝܘܬܗ ܕܨܦܢܝܐ ܢܒܝܐ			2359	Zephaniah	https://en.wikipedia.org/wiki/Book_of_Zephaniah	https://www.wikidata.org/wiki/Q188563	https://viaf.org/viaf/177424410	https://viaf.org/viaf/316744693		579-581	579	581	2432	Zeph		Zephaniah			2438	Ms 1	Zephaniah	2439		Edition 3			ܦܬܓܡܗ ܕܡܪܝܐ ܕܗܘܐ ܥܠ ܨܦܢܝܐ ܒܪ ܟܘܫܝ܂ ܒܪ ܓܕܠܝܐ ܒܪ ܐܡܪܝܐ ܒܪܗ ܕܚܠܩܝܐ܂ ܒܝ̈ܘܡܬܗ ܕܝܘܫܝܐ ܒܪ ܐܡܘܢ ܡܠܟܐ ܕܝܗܘܕܐ܂	62023	62023 [http://cal1.cn.huc.edu/showsubtexts.php?subtext=62023&cset=USyriac]	P Zep	http://cal1.cn.huc.edu/showsubtexts.php?subtext=62023&cset=USyriac									Milan, Ambrosian Library, B. 21. Inf. (7a1)										2346	579-581	2381	579-581	Edition 7			2443	2	2406	Ms 1		2387									2442
Haggai (Peshitta Version)	http://syriaca.org/work/36	36	9553	33	2335	Edition 7	ܣܦܪܐ ܕܚܓܝ ܢܒܝܐ	ܢܒܝܘܬܗ ܕܚܓܝ ܢܒܝܐ			ܬܘܒ ܢܒܝܘܬܗ ܕܚܓܝ ܢܒܝܐ			2359	Haggai	https://en.wikipedia.org/wiki/Book_of_Haggai	https://www.wikidata.org/wiki/Q178338	https://viaf.org/viaf/185495533	https://viaf.org/viaf/182230336		581-583	581	583	2432	Hag		Haggai			2438	Ms 1	Haggai	2439		Edition 3			ܒܫܢܬ ܬܪ̈ܬܝܢ ܕܕܪܝܘܫ ܡܠܟܐ܂ ܒܝܪܚܐ ܫܬܝܬܝܐ ܒܚܕ ܒܝܪܚܐ܂ ܗܘܐ ܦܬܓܡܗ ܕܡܪܝܐ ܒܝܕ ܚܓܝ ܢܒܝܐ܂ ܥܠ ܙܘܪܒܒܠ ܒܪ ܫܠܬܐܝܠ ܪܒܐ ܕܝܗܘܕܐ܂ ܘܥܠ ܝܫܘܥ ܒܪ ܝܘܙܕܩ ܟܗܢܐ ܪܒܐ ܠܡܐܡܪ܂	62024	62024 [http://cal1.cn.huc.edu/showsubtexts.php?subtext=62024&cset=USyriac]	P Hag	http://cal1.cn.huc.edu/showsubtexts.php?subtext=62024&cset=USyriac									Milan, Ambrosian Library, B. 21. Inf. (7a1)										2346	581-583	2381	581-583	Edition 7			2443	2	2406	Ms 1		2387									2442
Zechariah (Peshitta Version)	http://syriaca.org/work/37	37	9554	34	2335	Edition 7	ܣܦܪܐ ܕܙܟܪܝܐ ܢܒܝܐ	ܢܒܝܘܬܗ ܕܙܟܪܝܐ ܢܒܝܐ			ܬܘܒ ܢܒܝܘܬܗ ܕܙܟܪܝܐ ܢܒܝܐ			2359	Zechariah	https://en.wikipedia.org/wiki/Book_of_Zechariah	https://www.wikidata.org/wiki/Q179769	https://viaf.org/viaf/186702507	https://viaf.org/viaf/195940988	https://viaf.org/viaf/179401582	583-590	583	590	2432	Zech		Zechariah			2438	Ms 1	Zechariah	2439		Edition 3, Apparatus 1, Ms 1			ܒܝܪܚܐ ܕܬܡܢܝܐ ܒܚܕ ܒܝܪܚܐ܂ ܒܫܢܬ ܬܪ̈ܬܝܢ ܕܕܪܝܘܫ܂ ܗܘܐ ܦܬܓܡܗ ܕܡܪܝܐ ܥܠ ܙܟܪܝܐ ܒܪ ܒܪܟܝܐ ܒܪ ܥܕܘ ܢܒܝܐ ܠܡܐܡܪ܂	62025	62025 [http://cal1.cn.huc.edu/showsubtexts.php?subtext=62025&cset=USyriac]	P Ze	http://cal1.cn.huc.edu/showsubtexts.php?subtext=62025&cset=USyriac									Milan, Ambrosian Library, B. 21. Inf. (7a1)										2346	583-590	2381	583-590	Edition 7			2443	2	2406	Ms 1		2387	2382		96-97						2442
Malachi (Peshitta Version)	http://syriaca.org/work/38	38	9555	35	2335	Edition 7	ܣܦܪܐ ܕܡܠܐܟܝ ܢܒܝܐ	ܢܒܝܘܬܗ ܕܡܠܐܟܝ̣ ܢܒܝܐ			ܬܘܒ ܢܒܝܘܬܗ ܕܡܠܐܟܝ̣ ܢܒܝܐ			2359	Malachi	https://en.wikipedia.org/wiki/Book_of_Malachi	https://www.wikidata.org/wiki/Q51675	https://viaf.org/viaf/192637637	https://viaf.org/viaf/178594400		590-593	590	593	2432	Mal		Malachi			2438	Ms 1	Malachi	2439		Edition 3			ܚܙܘܐ ܕܦܬܓܡ̈ܘܗܝ ܕܡܪܝܐ ܥܠ ܐܝܣܪܝܠ ܒܝܕ ܡܠܐܟܝ܂	62026	62026 [http://cal1.cn.huc.edu/showsubtexts.php?subtext=62026&cset=USyriac]	P Ma	http://cal1.cn.huc.edu/showsubtexts.php?subtext=62026&cset=USyriac									Milan, Ambrosian Library, B. 21. Inf. (7a1)										2346	590-593	2381	590-593	Edition 7			2443	2	2406	Ms 1		2387									2442
Jeremiah (SBL) 	http://syriaca.org/work/24	24	9568	36	2335	Edition 7	ܣܦܪܐ ܕܐܪܡܝܐ ܢܒܝܐ	ܢܒܝܘܬܗ ܕܐܪܡܝܐ ܢܒܝܐ					ܣܦܪܐ ܕܐܪܡܝܐ ܢܒܝܐ	2361	Jeremiah	https://en.wikipedia.org/wiki/Book_of_Jeremiah	https://www.wikidata.org/wiki/Q131590	https://viaf.org/viaf/184659808	https://viaf.org/viaf/176172762		593-643	593	643	2432	Jer		Jeremiah			2438	Ms 1	Jeremiah	2439	ܬܘܒ ܟܬܒܐ ܐܚܪܢܐ ܕܐܪܡܝܐ ܢܒܝܐ܃	Edition 3			ܦܬ̈ܓܡܘܗܝ ܕܐܪܡܝܐ ܒܪ ܚܠܩܝܐ܂ ܡܢ ܟܗ̈ܢܐ ܕܒܥܢܬܘܬ ܕܒܐܪܥܐ ܕܒܢܝܡܝܢ܂	62013	62013 [http://cal1.cn.huc.edu/showsubtexts.php?subtext=62013&cset=USyriac]	P Je	http://cal1.cn.huc.edu/showsubtexts.php?subtext=62013&cset=USyriac									Milan, Ambrosian Library, B. 21. Inf. (7a1)										2346	593-643	2381	593-643	Edition 7			2443	2	2419	Ms 1		2387									2442
Lamentations (Peshitta Version)	http://syriaca.org/work/25	25	9542	37	2335	Edition 7	ܣܦܪܐ ܕܐܘ̈ܠܝܬܗ ܪܐܪܡܝܐ ܢܒܝܐ						ܐܘܠܝ̈ܬܐ ܕܐܪܡܝܐ	2363	Lamentations	https://en.wikipedia.org/wiki/Book_of_Lamentations	https://www.wikidata.org/wiki/Q179058				643-647	643	647	2432	Lam		Lamentations			2438	Ms 1	Lamentations	2439		Edition 6, Edition 5			ܐܝܟܢܐ ܝܬܒܬ ܒܠܚܘܕܝܗܿ ܡܕܝܢܬܐ ܣܓܝܐܬ ܒܥܡܐ܂ ܗܘܬ ܐܝܟ ܐܪܡܠܬܐ ܣܓܝܐܬ ܒܥܡ̈ܡܐ܂ ܪܝܫܐ ܕܡܕܝ̈ܢܬܐ ܗܘܬ ܠܡܕܐܬܐ܀	62033	62033 [http://cal1.cn.huc.edu/showsubtexts.php?subtext=62033&cset=USyriac]	P Lam	http://cal1.cn.huc.edu/showsubtexts.php?subtext=62033&cset=USyriac		2384			41-54				Milan, Ambrosian Library, B. 21. Inf. (7a1)						2380			Edition 7	2346	643-647	2381	643-647	Edition 7			2443	2	2420	Ms 1		2387									2442
Prayer of Jeremiah (Peshitta Version)	http://syriaca.org/work/52	52	9569		2335	Edition 7							ܨܠܘܬܐ ܕܐܪܡܝܐ	2363							647-647	647	647							2438	Ms 1		2439		Edition 6, Edition 5			ܐܬܕܟܪ ܡܪܝܐ ܡܢܐ ܗܘܐ ܠܢ܂ ܚܘܪ ܘܚܙܝ ܚܣܕܢ܀	62033.05	62033.05 [http://cal1.cn.huc.edu/get_a_chapter.php?file=62033&sub=05&cset=U]	P Lam chapter 5	http://cal1.cn.huc.edu/get_a_chapter.php?file=62033&sub=05&cset=U									Milan, Ambrosian Library, B. 21. Inf. (7a1)										2346	647-647	2381	647-647	Edition 7			2443	2				2387									2442
Ezekiel (Peshitta Version)	http://syriaca.org/work/26	26	9621	38	2335	Edition 7	ܣܦܪܐ ܕܚܙܩܝܐܠ ܢܒܝܐ	ܟܬܒܐ ܕܢܒܝܘܬܗ ܕܚܙܩܝܐܠ ܢܒܝܐ			ܬܘܒ ܟܬܒܐ ܕܢܒܝܘܬܗ ܕܚܙܩܝܐܠ ܢܒܝܐ		ܣܦܪܐ ܕܚܙܩܝܐܠ ܢܒܝܐ	2372	Ezekiel	https://en.wikipedia.org/wiki/Book_of_Ezekiel	https://www.wikidata.org/wiki/Q178390	https://viaf.org/viaf/176193843			647-691	647	691	2432	Ezek		Ezekiel			2438	Ms 1	Ezekiel	2439		Edition 3			ܘܗܘܐ ܒܫܢܬ ܬܠܬܝܢ ܒܚܡܫܬܐ ܒܝܪܚܐ ܪܒܝܥܝܐ܂ ܘܐܢܐ ܒܓܘ ܫܒܝܬܐ ܗܿܘܝܬ ܥܠ ܢܗܪ`ܟܒܪ܂ ܘܐܬܦܬܚܘ ܫܡܝܐ܂ ܘܚܿܙܝܬ ܚܙܘܐ ܕܐܠܗܐ܂	62014	62014 [http://cal1.cn.huc.edu/showsubtexts.php?subtext=62014&cset=USyriac]	P Ez	http://cal1.cn.huc.edu/showsubtexts.php?subtext=62014&cset=USyriac									Milan, Ambrosian Library, B. 21. Inf. (7a1)										2346	647-691	2381	647-691	Edition 7			2443	2	2405	Ms 1		2387									2442
Daniel (SBL)	http://syriaca.org/work/27	27	9570	39	2335	Edition 7	ܣܦܪܐ ܕܕܢܝܐܠ ܢܒܝܐ	ܢܒܝܘܬܗ ܕܕܢܝܐܠ ܢܒܝܐ			ܬܘܒ ܢܒܝܘܬܗ ܕܕܢܝܐܠ ܢܒܝܐ		ܣܦܪܐ ܕܕܢܝܐܠ ܢܒܝܐ	2373	Daniel	https://en.wikipedia.org/wiki/Book_of_Daniel	https://www.wikidata.org/wiki/Q80115				691-705	691	705	2432	Dan		Daniel			2438	Ms 1	Daniel																			Milan, Ambrosian Library, B. 21. Inf. (7a1)										2346	691-705	2381	691-705	Edition 7					2407	Ms 1		2387									2442
Daniel (Peshitta Daniel composed of Daniel and additional Apocryphal works)	http://syriaca.org/work/53	53	9570											2373	Daniel	https://en.wikipedia.org/wiki/Book_of_Daniel	https://www.wikidata.org/wiki/Q80115													2438	Ms 1		2439		Edition 0			ܒܫܢܬ ܬܠܬ ܕܡܠܟܘܬܗ ܕܝܘܝܩܝܡ ܡܿܠܟܐ ܕܝܗܘܕܐ ܐܬܼܐ ܢܒܘܟܕܢܨܪ ܡܿܠܟܐ ܕܒܒܠ ܠܐܘܪܫܠܡ ܘܚܕܪܗܿ܂	62035	62035 [http://cal1.cn.huc.edu/get_a_chapter.php?file=62035&sub=001&cset=U]	P Dan	http://cal1.cn.huc.edu/get_a_chapter.php?file=62035&sub=001&cset=U									Milan, Ambrosian Library, B. 21. Inf. (7a1)																	2443	2	2407	Ms 1		2387									2442
Tobit (Mixed Version)	http://syriaca.org/work/64	64	9686	1	2335		ܣܦܪܐ ܕܛܘܒܝܛ	ܟܬܒܐ ܕܛܘܒܝܛ ܐܝܟ ܡܫܠܡܢܘ̣ܬܐ ܕܫܒܥܝ̣ܢ							Tobit	https://en.wikipedia.org/wiki/Book_of_Tobit	https://www.wikidata.org/wiki/Q131737				1-9	1	9	2432	Tob		Tobit			2438	Ms 1, Ms 2, Ms 3		2439		Edition 3			ܟܬܒܐ ܕܡ̈ܠܐ ܛܘܒܝܛ ܗܿܘ ܕܒܝܐܝܠ ܗܿܘ ܕܚܢܢܐܝܠ ܗܿܘ ܕܐܕܘܐܝܠ ܗܿܘ ܕܓܒܐܝܠ ܡܢ ܙܪܥܐ ܕܐܫܐܝܠ ܡܢ ܫܪܒܬܐ ܕܢܦܬܠܝ܂	62068	62068 [http://cal1.cn.huc.edu/showsubtexts.php?subtext=62068&cset=USyriac]	Tobit A	http://cal1.cn.huc.edu/showsubtexts.php?subtext=62068&cset=USyriac									Deir al-Surian 27b (8f1)			Cambridge University Library Oo 1.1, 2 (12a1)		Woodbrooke, Selly Oak Colleges Libr., Ming syr., 279 (18/16g6)	2385											2443	1	2415	Ms 1, Ms 2, Ms 3		2387									2442
Judith (Peshitta Version)	http://syriaca.org/work/57	57	9574	2	2335		ܣܦܪܐ ܕܝܗܘܕܝܬ	ܟܬܒܐ ܕܝܗܘܕܝܬ							Judith	https://en.wikipedia.org/wiki/Book_of_Judith	https://www.wikidata.org/wiki/Q202129				9-21	9	21	2432	Jdt		Judith			2438	Ms 1	Judith	2439		Ms 1, Edition 11			ܒܫܢܬ ܬܪܬܥܣܪܐ ܕܡܠܟܘܬܗ ܕܢܒܘܟܕܢܨܪ ܡܠܟܐ ܕܐܬܘܪ܂ ܕܐܡܠܟ ܒܢܝܢܘܐ ܡܕܝܢܬܐ ܪܒܬܐ܂ ܒܝܘܡ̈ܘܗܝ ܕܐܪܦܟܫܪ ܡܠܟܐ ܕܡܕܝ ܕܐܡܠܟ ܒܩܦܛܢ܂	62065	62065 [http://cal1.cn.huc.edu/showsubtexts.php?subtext=62065&cset=USyriac]	Judith	http://cal1.cn.huc.edu/showsubtexts.php?subtext=62065&cset=USyriac									Milan, Ambrosian Library, B. 21. Inf. (7a1)			http://syriaca.org/manuscript/119#b3			2385	ܬܫܥܝܬܐ ܕܝܗܘܕܝܬ	104-126	Ms 2								2443	1	2427	Ms 1		2387									2442
Additions to Esther (Peshitta Version)	http://syriaca.org/work/9717	9717	9718	3	2335		ܣܦܪܐ ܕܐܣܬܝܪ								Additions to Esther	https://en.wikipedia.org/wiki/Book_of_Esther#Additions_to_Esther	https://www.wikidata.org/wiki/Q131068				21-25	21	25	2432	Add Esth		Additions to Esther																																																							
Wisdom of Solomon (Peshitta Version)	http://syriaca.org/work/47	47	9564	4	2335		ܣܦܪܐ ܕܚܟܡܬܐ ܪܒܬܐ								Wisdom	https://en.wikipedia.org/wiki/Book_of_Wisdom	https://www.wikidata.org/wiki/Q202135				25-36	25	36	2432	Wis		Wisdom of Solomon			2438	Ms 1	Wisdom	2439		Edition 0			ܪܚܡܘ ܙܕܝܩܘܬܐ ܕܝܢ̈ܝܗܿ ܕܐܪܥܐ܂ ܘܪܢܘ ܥܠ ܡܪܝܐ ܒ̈ܛܒܬܐ܂ ܘܒܠܒܐ ܦܫܝܛܐ ܒܥܐܘܗܝ܂	62070	62070 [http://cal1.cn.huc.edu/showsubtexts.php?subtext=62070&cset=USyriac]	P Wisd	http://cal1.cn.huc.edu/showsubtexts.php?subtext=62070&cset=USyriac									Milan, Ambrosian Library, B. 21. Inf. (7a1)						2385											2443	2	2401	Ms 1		2387									2442
Sirach/Ecclesiasticus (Peshitta Version)	http://syriaca.org/work/58	58	9575	5	2335		ܣܦܪܐ ܕܝܫܘܥ ܒܪ ܐܣܝܪܐ								Sirach	https://en.wikipedia.org/wiki/Sirach	https://www.wikidata.org/wiki/Q155980				36-63	36	63	2432	Sir		Sirach	Ecclesiasticus		2438	Ms 2	Sirach	2439	ܚܟܡܬܐ ܕܒܪ ܣܝܪܐ	Ms 1, Ms 2			ܟܠ ܚܟܡܐ ܡܢ ܩܕܡ ܡܪܝܐ ܗܝ܂ ܘܗܝܼ ܥܡܗ ܗܝܼ ܡܢ ܥܠܡܝܢ܂	62066	62066 [http://cal1.cn.huc.edu/showsubtexts.php?subtext=62066&cset=USyriac]	Sirach	http://cal1.cn.huc.edu/showsubtexts.php?subtext=62066&cset=USyriac									http://syriaca.org/manuscript/15#p1a1			Milan, Ambrosian Library, B. 21. Inf. (7a1)			2385											2443	2	2428	Ms 1, Ms 2		2387									2442
Epistle of Jeremiah (Peshitta Version)	http://syriaca.org/work/9719	9719	9720	6	2335		ܐܓܪܬܐ ܕܐܪܡܝܐ	ܐܓܪܬܐ ܕܐܪܡܝܐ ܢܒܝܐ					ܐܓܪܬܐ ܕܐܪܡܝܐ	2363	Letter of Jeremiah	https://en.wikipedia.org/wiki/Letter_of_Jeremiah	https://www.wikidata.org/wiki/Q757010				63-65	63	65	2432	Ep Jer		Epistle of Jeremiah			2438	Ms 1, Ms 2	Letter of Jeremiah	2439	ܬܘܒ ܐܝܓܪܬܐ ܕܐܪܡܝܐܿ܂	Edition 3			ܦܚܡܐ ܕܐܝܓܪܬܐ ܕܫܕܪ ܐܪܡܝܐܿ܂ ܠܫܒܼܝ̈ܐ ܕܐܫܬܒܝܘ ܠܒܒܠܿ܂ ܕܫܼܒܐ ܢܒܘܟܕܢܨܪ ܡܿܠܟܐ ܕܒܒܠܿ܂ ܠܡܚܘܝܘ ܐܢܘܢ ܐܝܟ ܕܐܬܿܦܩܕ ܡܢ ܡܪܝܐ܃	62074	62074 [http://cal1.cn.huc.edu/get_a_chapter.php?file=62074&cset=U]	EpisJer	http://cal1.cn.huc.edu/get_a_chapter.php?file=62074&cset=U									Milan, Ambrosian Library, B. 21. Inf. (7a1)			Paris, National Libr., Syr. 341 (8a1)														2443	2	2421	Ms 1, Ms 2		2387									2442
Epistle of Baruch (Peshitta Version)	http://syriaca.org/work/66	66	9583	7	2335		ܐܓܪܬܐ ܕܒܪܘܟ ܣܦܪܐ	ܐܓܪܬܐ ܕܒܪܘܟ ܣܦܪܐ ܕܫܕܪ ܡ̣ܢ ܐܘܪܫܠܡ ܠܒܒܝܠ						2363							65-68	65	68							2438	Ms 1, Ms 2		2439		Ms 1, Ms 2	ܐܓܪܬܐ ܩܕܡܝܬܐ ܕܒܪܘܟ ܣܦܪܐ ܕܫܕܪ ܡܢ ܓܘ ܐܘܪܫܠܡ ܠܒܒܠ		ܬܘܒ ܐܓܪܬܐ ܩܕܡܝܬܐ ܕܒܪܘܟ ܣܦܪܐ ܕܫܕܪ ܡܢ ܓܘ ܐܘܪܫܠܡ ܠܒܒܠ	62071	62071 [http://cal1.cn.huc.edu/showsubtexts.php?subtext=62071&cset=USyriac]	P ApocBar	http://cal1.cn.huc.edu/showsubtexts.php?subtext=62071&cset=USyriac	78:1-87:1								Milan, Ambrosian Library, B. 21. Inf. (7a1)		176v – 177v	Milan, Ambrosian Library, B. 21. Inf. (7a1)	265v – 267r		2385											2443	2	2422	Ms 1, Ms 2		2387									2442
Baruch (Second Epistle of Baruch) (Peshitta Version)	http://syriaca.org/work/67	67	9584	8	2335		ܐܓܪܬܐ ܕܬܪܬܝܢ ܕܒܪܘܟ ܣܦܪܐ	ܐܓܪܬܐ ܕܬܪܬܝܢ ܕܒܪܘܟ						2363	Baruch	https://en.wikipedia.org/wiki/Book_of_Baruch	https://www.wikidata.org/wiki/Q211746				68-72	68	72	2432	Bar		Baruch			2438	Ms 1	Baruch																			Milan, Ambrosian Library, B. 21. Inf. (7a1)						2385											2443	2	2423	Ms 1		2387									2442
Additions to Daniel (Peshitta Version)	http://syriaca.org/work/9721	9721	9722	9	2335		ܣܦܪܐ ܕܕܢܝܐܝܠ (ܕܫܘܫܢ)								Additions to Daniel	https://en.wikipedia.org/wiki/Additions_to_Daniel	https://www.wikidata.org/wiki/Q912549				72-76	72	76	2432	Add Dan		Additions to Daniel			2438	Ms 1																				Milan, Ambrosian Library, B. 21. Inf. (7a1)																						2387									2442
Susanna (Peshitta Version)	http://syriaca.org/work/49	49	9566	9.1	2335			ܟܬܒܐ ܕܫܘ̇ܫܢ ܛܘ̣ܒܢܝ̣ܬܐ							Susanna (Book of Daniel)	https://en.wikipedia.org/wiki/Susanna_(Book_of_Daniel)	https://www.wikidata.org/wiki/Q756861				72-74	72	74	2432	Sus		Susanna			2438	Ms 1	Susanna																			Milan, Ambrosian Library, B. 21. Inf. (7a1)						2385													2425	Ms 1		2387									2442
Bel and the Dragon (Peshitta Version)	http://syriaca.org/work/55	55	9572	9.2	2335			ܥܠ ܒܝܠ							Bel and the Dragon	https://en.wikipedia.org/wiki/Bel_and_the_Dragon	https://www.wikidata.org/wiki/Q218087				74-75	74	75	2432	Bel		Bel and the Dragon			2438	Ms 1	Bel and the Dragon																			Milan, Ambrosian Library, B. 21. Inf. (7a1)						2385																2387									2442
1 Maccabees (Peshitta Version)	http://syriaca.org/work/60	60	9577	10	2335		ܣܦܪܐ ܕܡܩ̈ܒܝܐ: ܐ								1 Maccabees	https://en.wikipedia.org/wiki/1_Maccabees	https://www.wikidata.org/wiki/Q161985	https://viaf.org/viaf/192733858			76-104	76	104	2432	1 Macc		1 Maccabees			2438	Ms 1	1 Maccabees	2439		Edition 3, Ms 1			ܘܗܘܐ ܡܢ ܒܬܪ ܕܩܛܠ ܐܠܟܣܢܕܪܘܣ ܒܪ ܦܝܠܝܦܘܣ ܡܩܕܘܢܝܐ ܕܢܦܩ ܡܢ ܐܪܥܐ ܕܟܬ̈ܝܐ ܘܡܚܐ ܠܕܪܝܘܫ ܡܠܟܐ ܕܦܪܣ ܘܕܡܕܝ ܘܐܡܠܟ ܚܠܦܘܗܝ ܗܘ ܠܘܩܕܡ ܒܝܘܢ܂	62078	62078 [http://cal1.cn.huc.edu/showsubtexts.php?subtext=62078&cset=USyriac]	P 1Mac7a1	http://cal1.cn.huc.edu/showsubtexts.php?subtext=62078&cset=USyriac									Milan, Ambrosian Library, B. 21. Inf. (7a1)			Milan, Ambrosian Library, A. 296. Inf., Fragm. 27 + Cambridge, Westminster College, Nestle Libr. G. II. 4 + Woodbrooke, Selly Oak Colleges Libr., Ming syr. 629 (7h1)			2385											2443	2	2418	Ms 1		2387									2442
2 Maccabees (Peshitta Version)	http://syriaca.org/work/61	61	9578	11	2335		ܣܦܪܐ ܕܡܩ̈ܒܝܐ: ܒ								2 Maccabees	https://en.wikipedia.org/wiki/2_Maccabees	https://www.wikidata.org/wiki/Q209748	https://viaf.org/viaf/198908857			104-128	104	128	2432	2 Macc		2 Maccabees			2438	Ms 1	2 Maccabees	2439		Edition 3, Ms 1	ܣܦܪܐ ܕܬܪܝܢ ܕܡܩ̈ܒܝܐ ܐܚ̈ܐ		ܝܗܘ̈ܕܝܐ ܕܒܐܪܫܠܡ ܘܒܐܪܥܐ ܕܝܗܘܕܐ ܠܐ̈ܚܝܢ ܝܗܘ̈ܕܝܐ ܕܒܡܨܪܝܢ ܫܠܡ ܫܠܡܐ ܘܛܝܒܘܬܐ ܥܡܟܘܢ܂	62079	62079 [http://cal1.cn.huc.edu/showsubtexts.php?subtext=62079&cset=USyriac]	P 2Mac	http://cal1.cn.huc.edu/showsubtexts.php?subtext=62079&cset=USyriac									Milan, Ambrosian Library, B. 21. Inf. (7a1)						2385											2443	2	2418	Ms 1		2387									2442
Matthew (Peshitta Version)	http://syriaca.org/work/72	72	9646	1	2335		ܣܦܪܐ ܕܡܬܝ	ܐܘܢܓܠܝܘܢ ܩܕܝܫܐ ܟܪܘܙܘܬܐ ܕܡܬܝ					ܐܘܢܓܠܝܘܢ ܩܕܝܫܐ ܟܪܘܙܘܬܐ ܕܡܬܝ	2358	Matthew	https://en.wikipedia.org/wiki/Gospel_of_Matthew	https://www.wikidata.org/wiki/Q392302	https://viaf.org/viaf/188427863			1-43	1	43	2432	Matt		Matthew					Matthew	2439		Edition 1			ܟܿܬܼܒܼܐ ܕܿܝܠܝܕܼܘܼܬܼܗ ܕܿܝܫܘܼܥ ܡܫܝܚܐ܃ ܒܿܪܗ ܕܿܕܼܘܝܕܼ܂ ܒܿܪܗ ܕܿܐܒܼܪܗܡ܀܀	62040	62040 [http://cal1.cn.huc.edu/showsubtexts.php?subtext=62040&cset=USyriac]	P Mt	http://cal1.cn.huc.edu/showsubtexts.php?subtext=62040&cset=USyriac																					2381	1-45		ܐܶܘܰܓܶܠܺܝܳܘܢ ܩܰܕܺܝܫܳܐ ܟܳܪܘܽܙܘܽܬܳܐ ܕܡܰܬܰܝ ܫܠܺܝܚܳܐ																
Mark (Peshitta Version)	http://syriaca.org/work/73	73	9647	2	2335		ܣܦܪܐ ܕܡܪܩܘܣ	ܐܘܢܓܠܝܘܢ ܩܕܝܫܐ ܟܪܘܙܘܬܐ ܕܡܪܩܘܣ					ܐܘܢܓܠܝܘܢ ܩܕܝܫܐ ܟܪܘܙܘܬܐ ܕܡܪܩܘܣ	2360	Mark	https://en.wikipedia.org/wiki/Gospel_of_Mark	https://www.wikidata.org/wiki/Q107388	https://viaf.org/viaf/179823714			43-71	43	71	2432	Mark		Mark					Mark	2439		Edition 1			ܪܫܐ ܕܿܐܘܢܓܿܠܝܘܢ ܕܿܝܫܘܼܥ ܡܫܝܚܐ܃ ܒܿܪܗ ܕܿܐܠܗܐ ܀܀	62041	62041 [http://cal1.cn.huc.edu/showsubtexts.php?subtext=62041&cset=USyriac]	P Mk	http://cal1.cn.huc.edu/showsubtexts.php?subtext=62041&cset=USyriac																					2381	45-73		ܐܶܘܰܓܶܠܺܝܳܘܢ ܩܰܕܺܝܫܳܐ ܣܒܰܪܬܳܐ ܕܡܰܪܩܳܘܣ ܡܣܰܒܪܳܢܳܐ																
Luke (Peshitta Version)	http://syriaca.org/work/74	74	9648	3	2335		ܣܦܪܐ ܕܠܘܩܘܣ	ܐܘܢܓܠܝܘܢ ܩܕܝܫܐ ܟܪܘܙܘܬܐ ܕܠܘܩܐ					ܐܘܢܓܠܝܘܢ ܩܕܝܫܐ ܟܪܘܙܘܬܐ ܕܠܘܩܐ	2366	Luke	https://en.wikipedia.org/wiki/Gospel_of_Luke	https://www.wikidata.org/wiki/Q39939	https://viaf.org/viaf/175769882			71-117	71	117	2432	Luke		Luke					Luke	2439		Edition 1			ܡܛܠ ܕܿܣܓܿܝܐܐ̈ ܨܒܼܘ܃ ܕܿܢܟܼܬܿܒܼܘܼܢ ܬܿܫܥܝܬܼܐ̈ ܕܿܣܘܼܥܪܢܐ̈܂ ܐܝܠܝܢ ܕܿܚܢܢ ܡܦܿܣܝܢ ܚ̱ܢܢ ܒܿܗܘܼܢ܃	62042	62042 [http://cal1.cn.huc.edu/showsubtexts.php?subtext=62042&cset=USyriac]	P Lk	http://cal1.cn.huc.edu/showsubtexts.php?subtext=62042&cset=USyriac																					2381	73-121		ܐܶܘܰܓܶܠܺܝܳܘܢ ܩܰܕܺܝܫܳܐ ܣܒܰܪܳܬܐ ܕܠܘܽܩܳܘܣ ܡܣܰܒܪܳܢܳܐ	ܐܶܘܰܓܶܠܺܝܳܘܢ ܩܰܕܺܝܫܳܐ ܣܒܰܪܳܬܐ ܕܠܘܽܩܳܘܣ ܡܣܰܒܪܳܢܳܐ  ܕܡܰܠܶܠ  ܘܣܰܒܰܪ ܝܰܘܢܳܐܺܝܬ ܒܰܐܠܶܟܣܰܢܕܪܺܝܰܐ ܪܰܒܬܳܐ܀															
John (Peshitta Version)	http://syriaca.org/work/75	75	9641	4	2335		ܣܦܪܐ ܕܝܘܚܢܢ	ܐܘܢܓܠܝܘܢ ܩܕܝܫܐ ܟܪܘܙܘܬܐ ܕܝܘܚܢܢ					ܐܘܢܓܠܝܘܢ ܩܕܝܫܐ ܟܪܘܙܘܬܐ ܕܝܘܚܢܢ	2369	John	https://en.wikipedia.org/wiki/Gospel_of_John	https://www.wikidata.org/wiki/Q36766	https://viaf.org/viaf/181843811			117-154	117	154	2432	John		John					John	2439		Edition 1			ܒܿܪܫܝܬܼ ܐܝܬܼܘܗ̱ܝ ܗ̱ܘܐ ܡܠܬܼܐ܂ ܘܗܘܼ ܡܠܬܼܐ܂ ܐܝܬܼܘܗ̱ܝ ܗ̱ܘܐ ܠܘܬܼ ܐܠܗܐ܂ ܘܐܠܗܐ ܐܝܬܼܘܗ̱ܝ ܗ̱ܘܐ ܗܘܼ ܡܠܬܼܐ܂	62043	62043 [http://cal1.cn.huc.edu/showsubtexts.php?subtext=62043&cset=USyriac]	P Jn	http://cal1.cn.huc.edu/showsubtexts.php?subtext=62043&cset=USyriac																					2381	122-159		ܐܶܘܰܓܶܠܺܝܳܘܢ ܩܰܕܺܝܫܳܐ ܟܳܪܘܽܙܘܽܬܳܐ ܕܝܘܽܚܰܢܳܢ ܟܳܪܘܽܙܳܐ	ܐܶܘܰܓܶܠܺܝܳܘܢ ܩܰܕܺܝܫܳܐ ܟܳܪܘܽܙܘܽܬܳܐ ܕܝܘܽܚܰܢܳܢ ܟܳܪܘܽܙܳܐ ܕܡܰܠܶܠ  ܘܰܐܟܪܶܙ ܝܰܘܢܳܐܺܝܬ ܒܶܐܦܶܣܳܘܣ܀															
Acts (Peshitta Version)	http://syriaca.org/work/76	76	9593	5	2335		ܦܪܟܣܣ ܕܫܠܝ̈ܚܐ	ܦܪܟܣܣ ܕܬܪܥܣܪ ܫܠܝ̈ܚܐ ܛܘܒ̈ܢܐ					ܦܪܟܣܝܣ ܕܫܠܝܚ̈ܐ	2367	Acts	https://en.wikipedia.org/wiki/Acts_of_the_Apostles	https://www.wikidata.org/wiki/Q40309				154-202	154	202	2432	Acts		Acts					Acts	2439		Edition 1			ܟܿܬܼܒܼܐ ܩܕܼܡܝܐ ܟܿܬܼܒܿܬܼ ܐܘ ܬܿܐܘܦܼܝܠܐ܃ ܥܠ ܟܿܠܗܝܢ ܐܝܠܝܢ ܕܿܫܪܝ ܡܪܢ ܝܫܘܼܥ ܡܫܝܚܐ ܠܡܥܒܿܕܼ ܘܠܡܠܦܼܘܼ܃	62044	62044 [http://cal1.cn.huc.edu/showsubtexts.php?subtext=62044&cset=USyriac]	P Acts	http://cal1.cn.huc.edu/showsubtexts.php?subtext=62044&cset=USyriac																					2381	159-210		ܟܬܳܒܳܐ ܕܰܦܪܰܟܣܺܝܣ																
Romans (Peshitta Version)	http://syriaca.org/work/77	77	9594	6	2335		ܐܓܪܬܐ ܕܦܘܠܘܣ ܕܠܘܬ ܪ̈ܗܘܡܝܐ	ܐܓܪܬܐ ܕܠܘܬ ܪ̈ܗܘܡܝܐ						2364	Romans	https://en.wikipedia.org/wiki/Epistle_to_the_Romans	https://www.wikidata.org/wiki/Q48203				202-221	202	221	2432	Rom		Romans					Romans	2439		Edition 1			ܦܿܘܠܘܣ ܥܒܼܕܿܐ ܕܿܝܫܘܼܥ ܡܫܝܚܐ܂ ܩܪܝܐ܂ ܘܫܠܝܚܐ܂ ܕܿܐܬܼܦܿܪܫ ܠܐܘܢܓܿܠܝܘܢ ܕܿܐܠܗܐ܂	62045	62045 [http://cal1.cn.huc.edu/showsubtexts.php?subtext=62045&cset=USyriac]	Rom	http://cal1.cn.huc.edu/showsubtexts.php?subtext=62045&cset=USyriac																					2381	210-228		ܐܶܓܰܪܬܳܐ ܕܦܰܘܠܳܘܣ ܫܠܺܝܚܳܐ ܕܰܠܘܳܬ ܪܗ̱ܘܽ̈ܡܳܝܶܐ																
1 Corinthians (Peshitta Version)	http://syriaca.org/work/78	78	9595	7	2335		ܐܓܪܬܐ ܕܦܘܠܘܣ ܕܠܘܬ ܩܘܪ̈ܝܢܬܝܐ ܩܕܡܝܬܐ	ܐܓܪܬܐ ܕܠܘܬ ܩܘܪ̈ܢܬܝܐ ܩܕܡܝܬܐ						2364	1 Corinthians	https://en.wikipedia.org/wiki/First_Epistle_to_the_Corinthians	https://www.wikidata.org/wiki/Q80355				221-239	221	239	2432	1 Cor		1 Corinthians					1 Corinthians	2439		Edition 1			ܦܿܘܠܘܣ ܩܪܝܐ ܘܫܠܝܚܐ ܕܿܝܫܘܼܥ ܡܫܝܚܐ܂ ܒܿܨܒܼܝܢܗ ܕܿܐܠܗܐ܂ ܘܣܘܣܬܼܢܣ ܐܚܐ܃	62046	62046 [http://cal1.cn.huc.edu/showsubtexts.php?subtext=62046&cset=USyriac]	1Cor	http://cal1.cn.huc.edu/showsubtexts.php?subtext=62046&cset=USyriac																					2381	229-247		ܐܶܓܰܪܬܳܐ ܕܦܰܘܠܳܘܣ ܕܰܠܘܳܬ ܩܘܽܪܺܝܢܬܳܝܶ̈ܐ ܩܰܕܡܳܝܬܳܐ																
2 Corinthians (Peshitta Version)	http://syriaca.org/work/79	79	9596	8	2335		ܐܓܪܬܐ ܕܦܘܠܘܣ ܕܠܘܬ ܩܘܪ̈ܝܢܬܝܐ ܕܬܪܬܝܢ	ܐܓܪܬܐ ܕܠܘܬ ܩܘܪ̈ܢܬܝܐ ܕܬܪܬܝܢ						2364	2 Corinthians	https://en.wikipedia.org/wiki/Second_Epistle_to_the_Corinthians	https://www.wikidata.org/wiki/Q123808				239-250	239	250	2432	2 Cor		2 Corinthians					2 Corinthians	2439		Edition 1			ܦܿܘܠܘܣ ܫܠܝܚܐ ܕܿܝܫܘܼܥ ܡܫܝܚܐ ܒܿܨܒܼܝܢܗ ܕܿܐܠܗܐ܂ ܘܛܝܡܬܼܐܘܣ ܐܚܐ܃ ܠܥܕ̱ܿܬܿܐ ܕܿܐܠܗܐ ܕܿܐܝܬܼ ܒܿܩܘܪܢܬܼܘܣ܃ ܘܠܟܼܠܗܘܼܢ ܩܕܿܝܫܐ̈ ܕܿܐܝܬܼ ܒܿܐܟܼܐܝܐ ܟܿܠܗ܂	62047	62047 [http://cal1.cn.huc.edu/showsubtexts.php?subtext=62047&cset=USyriac]	2Cor	http://cal1.cn.huc.edu/showsubtexts.php?subtext=62047&cset=USyriac																					2381	248-260		ܐܶܓܰܪܬܳܐ ܕܦܰܘܠܳܘܣ ܕܰܠܘܳܬ ܩܘܽܪ̈ܺܝܢܬܳܝܶܐ ܕܬܰܪܬܶܝܢ																
Galatians (Peshitta Version)	http://syriaca.org/work/80	80	9597	9	2335		ܐܓܪܬܐ ܕܦܘܠܘܣ ܕܠܘܬ ܓܠܛܝ̈ܐ	ܐܓܪܬܐ ܕܠܘܬ ܓܠܛܝ̈ܐ						2362	Galatians	https://en.wikipedia.org/wiki/Epistle_to_the_Galatians	https://www.wikidata.org/wiki/Q128620	https://viaf.org/viaf/177784291			250-257	250	257	2432	Gal		Galatians					Galatians	2439		Edition 1			ܦܿܘܠܘܣ ܫܠܝܚܐ܂ ܠܐ ܡܢ ܒܿܢܝܢܫܐ̈܂ ܘܠܐ ܒܿܝܕܼ ܒܿܪܢܫܐ ܐܠܐ ܒܿܝܕܼ ܝܫܘܼܥ ܡܫܝܚܐ܂ ܘܐܠܗܐ ܐܒܼܘܼܗ̱ܝ܂ ܗܘ ܕܿܐܩܝܡܗ ܡܢ ܒܿܝܬܼ ܡܝܬܼܐ̈܂	62048	62048 [http://cal1.cn.huc.edu/showsubtexts.php?subtext=62048&cset=USyriac]	Gal	http://cal1.cn.huc.edu/showsubtexts.php?subtext=62048&cset=USyriac																					2381	260-266		ܐܶܓܰܪܬܳܐ ܕܦܰܘܠܳܘܣ ܕܰܠܘܳܬ ܓܰܠܰܛܳܝ̈̈̈̈ܶ̈ܐ																
Ephesians (Peshitta Version)	http://syriaca.org/work/81	81	9598	10	2335		ܐܓܪܬܐ ܕܦܘܠܘܣ ܕܠܘܬ ܐܦܣܝ̈ܐ	ܐܓܪܬܐ ܕܠܘܬ ܐܦܣܝ̈ܐ						2362	Ephesians	https://en.wikipedia.org/wiki/Epistle_to_the_Ephesians	https://www.wikidata.org/wiki/Q408673	https://viaf.org/viaf/175374828			257-263	257	263	2432	Eph		Ephesians					Ephesians	2439		Edition 1			ܦܿܘܠܘܣ ܫܠܝܚܐ ܕܿܝܫܘܼܥ ܡܫܝܚܐ܂ ܒܿܨܒܼܝܢܗ ܕܿܐܠܗܐ܃ ܠܐܝܠܝܢ ܕܿܐܝܬܼܝܗܘܼܢ ܒܿܐܦܼܣܘܣ܂ ܩܕܿܝܫܐ̈ ܘܡܗܝܡܢܐ̈ ܒܿܝܫܘܼܥ ܡܫܝܚܐ܂	62049	62049 [http://cal1.cn.huc.edu/showsubtexts.php?subtext=62049&cset=USyriac]	Eph	http://cal1.cn.huc.edu/showsubtexts.php?subtext=62049&cset=USyriac																					2381	267-273		ܐܶܓܰܪܬܳܐ ܕܦܰܘܠܳܘܣ ܕܰܠܘܳܬ ܐܶܦܶܣܳܝ̈ܶܐ																
Philippians (Peshitta Version)	http://syriaca.org/work/82	82	9599	11	2335		ܐܓܪܬܐ ܕܦܘܠܘܣ ܕܠܘܬ ܦܝܠܝܦܣܝ̈ܐ	ܐܓܪܬܐ ܕܠܘܬ ܦܝܠܝܦܣܝ̈ܐ						2362	Philippians	https://en.wikipedia.org/wiki/Epistle_to_the_Philippians	https://www.wikidata.org/wiki/Q51613				263-267	263	267	2432	Phil		Philippians					Philippians	2439		Edition 1			ܦܿܘܠܘܣ ܘܛܝܡܬܼܐܘܣ܂ ܥܒܼܕܿܐ̈ ܕܿܝܫܘܼܥ ܡܫܝܚܐ܃ ܠܟܼܠܗܘܼܢ ܩܕܿܝܫܐ̈ ܕܿܒܼܝܫܘܼܥ ܡܫܝܚܐ ܕܿܐܝܬܼ ܒܿܦܼܝܠܝܦܿܘܣ܃ ܥܡ ܩܫܝܫܐ̈ ܘܡܫܡܫܢܐ̈܂	62050	62050 [http://cal1.cn.huc.edu/showsubtexts.php?subtext=62050&cset=USyriac]	Phil	http://cal1.cn.huc.edu/showsubtexts.php?subtext=62050&cset=USyriac																					2381	273-277		ܐܶܓܰܪܬܳܐ ܕܦܰܘܠܳܘܣ ܕܰܠܘܳܬ ܦܺܝܠܺܝܦܺܝܣܳܝܶ̈ܐ																
Colossians (Peshitta Version)	http://syriaca.org/work/83	83	9600	12	2335		ܐܓܪܬܐ ܕܦܘܠܘܣ ܕܠܘܬ ܩܘܠ̈ܣܝܐ	ܐܓܪܬܐ ܕܠܘܬ ܩܘܠܣܝ̈ܐ						2362	Colossians	https://en.wikipedia.org/wiki/Epistle_to_the_Colossians	https://www.wikidata.org/wiki/Q131095	https://viaf.org/viaf/182875824			267-271	267	271	2432	Col		Colossians					Colossians	2439		Edition 1			ܦܿܘܠܘܣ ܫܠܝܚܐ ܕܿܝܫܘܼܥ ܡܫܝܚܐ ܒܿܨܒܼܝܢܗ ܕܿܐܠܗܐ܂ ܘܛܝܡܬܼܐܘܣ ܐܚܐ܃	62051	62051 [http://cal1.cn.huc.edu/showsubtexts.php?subtext=62051&cset=USyriac]	Col	http://cal1.cn.huc.edu/showsubtexts.php?subtext=62051&cset=USyriac																					2381	278-282		ܐܶܓܰܪܬܳܐ ܕܦܰܘܠܳܘܣ ܕܰܠܘܳܬ ܩܘܽܠܰܣܳܝ̈ܶܐ																
1 Thessalonians (Peshitta Version)	http://syriaca.org/work/84	84	9601	13	2335		ܐܓܪܬܐ ܕܦܘܠܘܣ ܕܠܘܬ ܬܣܠ̈ܘܢܝܩܝܐ ܩܕܡܝܬܐ	ܐܓܪܬܐ ܕܠܘܬ ܬܣܠ̈ܘܢܝ̈ܩܝܐ ܩܕܡܝܬܐ						2362	1 Thessalonians	https://en.wikipedia.org/wiki/First_Epistle_to_the_Thessalonians	https://www.wikidata.org/wiki/Q131115				271-275	271	275	2432	1 Thess		1 Thessalonians					1 Thessalonians	2439		Edition 1			ܦܿܘܠܘܣ ܘܣܠܘܢܘܣ ܘܛܝܡܬܼܐܣ܃ ܠܥܕ̱ܿܬܿܐ ܕܿܬܼܣܠܘܢܝܩܝܐ̈ ܕܿܒܼܐܠܗܐ ܐܒܼܐ܂ ܘܒܼܡܪܢ ܝܫܘܼܥ ܡܫܝܚܐ܂ ܛܝܒܿܘܼܬܼܐ ܥܡܟܼܘܼܢ ܘܫܠܡܐ܀	62052	62052 [http://cal1.cn.huc.edu/showsubtexts.php?subtext=62052&cset=USyriac]	1Th	http://cal1.cn.huc.edu/showsubtexts.php?subtext=62052&cset=USyriac																					2381	282-286		ܐܶܓܰܪܬܳܐ ܕܦܰܘܠܳܘܣ ܕܰܠܘܳܬ ܬܶܣܰܠܳܘܢܺܝ̈ܩܳܝܶܐ ܩܰܕܡܳܝܬܳܐ																
2 Thessalonians (Peshitta Version)	http://syriaca.org/work/85	85	9602	14	2335		ܐܓܪܬܐ ܕܦܘܠܘܣ ܕܠܘܬ ܬܣܠ̈ܘܢܝܩܝܐ ܕܬܪܬܝܢ	ܐܓܪܬܐ ܕܠܘܬ ܬܣܠ̈ܘܢܝ̈ܩܝܐ ܕܬܪ̈ܬܝܢ						2362	2 Thessalonians	https://en.wikipedia.org/wiki/Second_Epistle_to_the_Thessalonians	https://www.wikidata.org/wiki/Q131107				275-278	275	278	2432	2 Thess		2 Thessalonians					2 Thessalonians	2439		Edition 1			ܦܿܘܠܘܣ ܘܣܠܘܢܘܣ ܘܛܝܡܬܼܐܘܣ܃ ܠܥܕ̱ܿܬܿܐ ܕܿܬܼܣܠܘܢܝܩܝܐ̈ ܕܿܒܼܐܠܗܐ ܐܒܼܘܼܢ܂ ܘܡܪܢ ܝܫܘܼܥ ܡܫܝܚܐ܂	62053	62053 [http://cal1.cn.huc.edu/showsubtexts.php?subtext=62053&cset=USyriac]	2Th	http://cal1.cn.huc.edu/showsubtexts.php?subtext=62053&cset=USyriac																					2381	286-288		ܐܶܓܰܪܬܳܐ ܕܦܰܘܠܳܘܣ ܕܰܠܘܳܬ ܬܶܣܰܠܳܘܢܺܝ̈ܩܳܝܶܐ ܕܬܰܪܬܶܝܢ																
1 Timothy (Peshitta Version)	http://syriaca.org/work/86	86	9603	15	2335		ܐܓܪܬܐ ܕܦܘܠܘܣ ܕܠܘܬ ܛܝܡܬܐܘܣ ܩܕܡܝܬܐ	ܐܓܪܬܐ ܕܠܘܬ ܛܝܡܬܐܘܣ ܩܕܡܝܬܐ						2362	1 Timothy	https://en.wikipedia.org/wiki/First_Epistle_to_Timothy	https://www.wikidata.org/wiki/Q131180				278-283	278	283	2432	1 Tim		1 Timothy					1 Timothy	2439		Edition 1			ܦܿܘܠܘܣ ܫܠܝܚܐ ܕܿܝܫܘܼܥ ܡܫܝܚܐ܂ ܒܿܦܼܘܼܩܕܿܢܐ ܕܿܐܠܗܐ ܡܚܝܢܢ܂ ܘܕܼܡܫܝܚܐ ܝܫܘܼܥ ܣܒܼܪܢ܃	62054	62054 [http://cal1.cn.huc.edu/showsubtexts.php?subtext=62054&cset=USyriac]	1Tim	http://cal1.cn.huc.edu/showsubtexts.php?subtext=62054&cset=USyriac																					2381	288-293		ܐܶܓܰܪܬܳܐ ܕܦܰܘܠܳܘܣ ܕܰܠܘܳܬ ܛܺܝܡܳܬܶܐܳܘܣ ܩܰܕܡܳܝܬܳܐ																
2 Timothy (Peshitta Version)	http://syriaca.org/work/87	87	9604	16	2335		ܐܓܪܬܐ ܕܦܘܠܘܣ ܕܠܘܬ ܛܝܡܬܐܘܣ ܕܬܪܬܝܢ	ܐܓܪܬܐ ܕܠܘܬ ܛܝܡܬܐܘܣ ܕܬܪ̈ܬܝܢ						2362	2 Timothy	https://en.wikipedia.org/wiki/Second_Epistle_to_Timothy	https://www.wikidata.org/wiki/Q131489				283-286	283	286	2432	2 Tim		2 Timothy					2 Timothy	2439		Edition 1			ܦܿܘܠܘܣ ܫܠܝܚܐ ܕܿܝܫܘܼܥ ܡܫܝܚܐ܂ ܒܿܨܒܼܝܢܗ ܕܿܐܠܗܐ܂ ܘܒܼܡܘܼܠܟܿܢܐ ܕܿܚܝܐ̈ ܕܿܒܼܝܫܘܼܥ ܡܫܝܚܐ܃	62055	62055 [http://cal1.cn.huc.edu/showsubtexts.php?subtext=62055&cset=USyriac]	2Tim	http://cal1.cn.huc.edu/showsubtexts.php?subtext=62055&cset=USyriac																					2381	294-297		ܐܶܓܰܪܬܳܐ ܕܦܰܘܠܳܘܣ ܕܰܠܘܳܬ ܛܺܝܡܳܬܶܐܳܘܣ ܕܬܰܪܬܶܝܢ																
Titus (Peshitta Version)	http://syriaca.org/work/88	88	9605	17	2335		ܐܓܪܬܐ ܕܦܘܠܘܣ ܕܠܘܬ ܛܝܛܘܣ	ܐܓܪܬܐ ܕܠܘܬ ܛܛܘܣ						2362	Titus	https://en.wikipedia.org/wiki/Epistle_to_Titus	https://www.wikidata.org/wiki/Q131493				286-289	286	289	2432	Titus		Titus					Titus	2439		Edition 1			ܦܿܘܠܘܣ ܥܒܼܕܿܗ ܕܿܐܠܗܐ܂ ܘܫܠܝܚܗ ܕܿܝܫܘܼܥ ܡܫܝܚܐ܂ ܒܿܗܝܡܢܘܼܬܼܐ ܕܿܓܼܒܼܝܐ̈ ܕܿܐܠܗܐ܂ ܘܝܕܼܥܬܼܐ ܕܿܫܪܪܐ ܕܿܒܼܕܼܚܠܬܼ ܐܠܗܐ܂	62056	62056 [http://cal1.cn.huc.edu/showsubtexts.php?subtext=62056&cset=USyriac]	Tit (Titus)	http://cal1.cn.huc.edu/showsubtexts.php?subtext=62056&cset=USyriac																					2381	297-300		ܐܶܓܰܪܬܳܐ ܕܦܰܘܠܳܘܣ ܕܰܠܘܳܬ ܛܺܛܳܘܣ																
Philemon (Peshitta Version)	http://syriaca.org/work/89	89	9606	18	2335		ܐܓܪܬܐ ܕܦܘܠܘܣ ܕܠܘܬ ܦܝܠܝܡܘܢ	ܐܓܪܬܐ ܕܠܘܬ ܦܝܠܡܘܢ						2362	Philemon	https://en.wikipedia.org/wiki/Epistle_to_Philemon	https://www.wikidata.org/wiki/Q131104				289-290	289	290	2432	Phlm		Philemon					Philemon	2439		Edition 1			ܦܿܘܠܘܣ ܐܣܝܪܗ ܕܿܝܫܘܼܥ ܡܫܝܚܐ܂ ܘܛܝܡܬܼܐܘܣ ܐܚܐ܃ ܠܦܼܝܠܡܘܢ ܚܒܿܝܒܼܐ ܘܦܼܠܚܐ ܕܿܥܡܢ܂	62057	62057 [http://cal1.cn.huc.edu/get_a_chapter.php?file=62057&cset=U]	Phile (Philemon)	http://cal1.cn.huc.edu/get_a_chapter.php?file=62057&cset=U																					2381	300-301		ܐܶܓܰܪܬܳܐ ܕܦܰܘܠܳܘܣ ܕܰܠܘܳܬ ܦܺܝܠܺܝܡܳܘܢ																
Hebrews (Peshitta Version)	http://syriaca.org/work/90	90	9607	19	2335		ܐܓܪܬܐ ܕܠܘܬ ܥܒܪ̈ܝܐ						ܐܓܪܬܐ ܕܠܘܬ ܥܒܪ̈ܝܐ	2377	Hebrews	https://en.wikipedia.org/wiki/Epistle_to_the_Hebrews	https://www.wikidata.org/wiki/Q128608				290-303	290	303	2432	Heb		Hebrews					Hebrews	2439		Edition 1			ܒܿܟܼܠ ܡܢܘܢ̈ ܘܒܼܟܼܠ ܕܿܡܘܢ̈܂ ܡܠܠ ܐܠܗܐ ܥܡ ܐܒܼܗܝܢ̈ ܒܿܢܒܼܝܐ̈ ܡܢ ܩܕܼܝܡ܂	62058	62058 [http://cal1.cn.huc.edu/showsubtexts.php?subtext=62058&cset=USyriac]	Heb (Hebrews)	http://cal1.cn.huc.edu/showsubtexts.php?subtext=62058&cset=USyriac																					2381	301-315		ܐܶܓܰܪܬܳܐ ܕܰܠܘܳܬ ܥܶܒ̈ܪܳܝܶܐ																
James (Peshitta Version)	http://syriaca.org/work/91	91	9702	20	2335		ܐܓܪܬܐ ܕܝܥܩܘܒ ܫܠܝܚܐ							2377	James	https://en.wikipedia.org/wiki/Epistle_of_James	https://www.wikidata.org/wiki/Q131097	https://viaf.org/viaf/182251478			303-308	303	308	2432	Jas		James					James	2439		Edition 1			ܝܥܩܘܼܒܼ ܥܒܼܕܿܗ ܕܿܐܠܗܐ܃ ܘܕܼܡܪܢ ܝܫܘܼܥ ܡܫܝܚܐ܃ ܠܬܼܪܬܿܥܣܪܐ̈ ܫܪܒܼܢ̈ ܕܿܙܪܝܥܢ̈ ܒܿܥܡ̱ܡܐ̈܂ ܫܠܡ܀	62059	62059 [http://cal1.cn.huc.edu/showsubtexts.php?subtext=62059&cset=USyriac]	Js (James)	http://cal1.cn.huc.edu/showsubtexts.php?subtext=62059&cset=USyriac																					2381	315-320		ܐܶܓܰܪܬܳܐ ܕܝܰܥܩܘܽܒ ܫܠܺܝܚܳܐ																
1 Peter (Peshitta Version)	http://syriaca.org/work/92	92	9609	21	2335		ܐܓܪܬܐ ܕܦܛܪܘܣ ܫܠܝܚܐ							2377	1 Peter	https://en.wikipedia.org/wiki/First_Epistle_of_Peter	https://www.wikidata.org/wiki/Q131119				308-313	308	313	2432	1 Pet		1 Peter					1 Peter	2439		Edition 1			ܦܿܛܪܘܣ ܫܠܝܚܐ ܕܿܝܫܘܼܥ ܡܫܝܚܐ܃ ܠܓܼܒܼܝܐ̈ ܘܬܼܘܬܿܒܼܐ̈ ܕܿܙܪܝܥܝܢ ܒܿܦܿܢܛܘܣ܂ ܘܒܼܓܼܠܛܝܐ܂ ܘܒܼܩܦܿܘܕܼܩܝܐ ܘܒܼܐܣܝܐ܂ ܘܒܼܒܼܝܬܼܘܼܢܝܐ܃	62060	62060 [http://cal1.cn.huc.edu/showsubtexts.php?subtext=62060&cset=USyriac]	1Pet	http://cal1.cn.huc.edu/showsubtexts.php?subtext=62060&cset=USyriac																					2381	320-325		ܐܶܓܰܪܬܳܐ ܕܦܶܛܪܳܘܣ ܫܠܺܝܚܳܐ. ܫܶܡܥܘܽܢ ܟܺܐܦܳܐ																
2 Peter (Peshitta Version)	http://syriaca.org/work/93	93	9703	22	2335		ܐܓܪܬܐ ܕܬܪܬܝܢ ܕܦܛܪܘܣ	ܐܓܪܬܐ ܕܬܪ̈ܬܝܢ ܕܦܛܪܘܣ ܫܠܝܚܐ						2377	2 Peter	https://en.wikipedia.org/wiki/Second_Epistle_of_Peter	https://www.wikidata.org/wiki/Q131178				313-317	313	317	2432	2 Pet		2 Peter					2 Peter	2439		Edition 1			ܫܡܥܘܼܢ ܦܿܛܪܘܣ ܥܒܼܕܿܐ ܘܫܠܝܚܐ ܕܿܝܫܘܼܥ ܡܫܝܚܐ܃ ܠܐܝܠܝܢ ܕܿܠܗܝܡܢܘܼܬܼܐ ܫܘܝܬܼ ܒܿܐܝܩܪܐ ܥܡܢ ܐܫܬܿܘܝܘ܃ ܒܿܙܕܿܝܩܘܼܬܼܐ ܕܿܡܪܢ ܘܦܼܪܘܼܩܢ ܝܫܘܼܥ ܡܫܝܚܐ܂	63061	63061 [http://cal1.cn.huc.edu/showsubtexts.php?subtext=63061&cset=USyriac]	2Pet	http://cal1.cn.huc.edu/showsubtexts.php?subtext=63061&cset=USyriac																					2381	326-329		ܐܶܓܰܪܬܳܐ ܕܬܰܪܬܶܝܢ ܕܦܶܛܪܳܘܣ																
1 John (Peshitta Version)	http://syriaca.org/work/94	94	9704	23	2335		ܐܓܪܬܐ ܕܝܘܚܢܢ ܫܠܝܚܐ							2377	1 John	https://en.wikipedia.org/wiki/First_Epistle_of_John	https://www.wikidata.org/wiki/Q131101				317-322	317	322	2432	1 John		1 John					1 John	2439		Edition 1			ܡܣܒܿܪܝܢܢ ܠܟܼܘܼܢ܃ ܠܗܘ ܕܿܐܝܬܼܘܗ̱ܝ ܗ̱ܘܐ ܡܢ ܒܿܪܫܝܬܼ܃ ܗܘ ܕܿܫܡܥܢ ܘܚܙܝܢܝܗ̱ܝ ܒܿܥܝܢܝܢ̈܂ ܚܙܝܢ ܘܓܼܫܢ ܒܿܐܝܕܼܝܢ̈܃ ܗܘ ܕܿܐܝܬܼܘܗ̱ܝ ܡܠܬܼܐ ܕܿܚܝܐ̈܂	62062	62062 [http://cal1.cn.huc.edu/showsubtexts.php?subtext=62062&cset=USyriac]	1Jn	http://cal1.cn.huc.edu/showsubtexts.php?subtext=62062&cset=USyriac																					2381	329-334		ܐܶܓܰܪܬܳܐ ܕܝܘܽܚܰܢܳܢ ܫܠܺܝܚܳܐ																
2 John (Peshitta Version)	http://syriaca.org/work/95	95	9612	24	2335		ܐܓܪܬܐ ܕܬܪܬܝܢ ܕܝܘܚܢܢ	ܐܓܪܬܐ ܕܬܪ̈ܬܝܢ ܕܝܘܚܢܢ ܫܠܝܚܐ						2377	2 John	https://en.wikipedia.org/wiki/Second_Epistle_of_John	https://www.wikidata.org/wiki/Q131453				322-323	322	323	2432	2 John		2 John					2 John	2439		Edition 1			ܩܫܝܫܐ܂ ܠܓܼܒܼܝܬܼܐ ܩܘܼܪܝܐ ܘܠܒܼܢܝܗ̈܃ ܐܝܠܝܢ ܕܿܐܢܐ ܡܚܒܼ ܐ̱ܢܐ ܒܿܫܪܪܐ܂ ܠܐ ܗ̱ܘܐ ܕܿܝܢ ܐܢܐ ܒܿܠܚܘܼܕܼܝ܃ ܐܠܐ ܟܿܠܗܘܼܢ ܐܝܠܝܢ ܕܿܝܕܼܥܘܼܗ̱ܝ ܠܫܪܪܐ܃	63063	63063 [http://cal1.cn.huc.edu/get_a_chapter.php?file=63063&cset=U]	2Jn	http://cal1.cn.huc.edu/get_a_chapter.php?file=63063&cset=U																					2381	334-335		ܐܶܓܰܪܬܳܐ ܕܬܰܪܬܶܝܢ ܕܝܘܽܚܰܢܳܢ																
3 John (Peshitta Version)	http://syriaca.org/work/96	96	9613	25	2335		ܐܓܪܬܐ ܕܬܠܬ ܕܝܘܚܢܢ	ܐܓܪܬܐ ܕܬܠܬ ܕܝܘܚܢܢ ܫܠܝܚܐ						2377	3 John	https://en.wikipedia.org/wiki/Third_Epistle_of_John	https://www.wikidata.org/wiki/Q131462				323-323	323	323	2432	3 John		3 John					3 John	2439		Edition 1			ܩܫܝܫܐ܂ ܠܓܼܐܝܘܣ ܚܒܿܝܒܼ ܠܗܘ ܕܿܐܢܐ ܡܚܒܼ ܐ̱ܢܐ ܒܿܫܪܪܐ܀	63064	63064 [http://cal1.cn.huc.edu/get_a_chapter.php?file=63064&cset=U]	3Jn	http://cal1.cn.huc.edu/get_a_chapter.php?file=63064&cset=U																					2381	335-336		ܐܶܓܰܪܬܳܐ ܕܰܬܠܳܬ ܕܝܘܽܚܰܢܳܢ																
Jude (Peshitta Version)	http://syriaca.org/work/97	97	9614	26	2335		ܐܓܪܬܐ ܕܝܗܘܕܐ	ܐܓܪܬܐ ܕܝܗܘܕܐ ܫܠܝܚܐ						2377	Jude	https://en.wikipedia.org/wiki/Epistle_of_Jude	https://www.wikidata.org/wiki/Q131466				323-325	323	325	2432	Jude		Jude					Jude	2439		Edition 1			ܝܗܘܼܕܼܐ ܥܒܼܕܿܐ ܕܿܝܫܘܼܥ ܡܫܝܚܐ܃ ܐܚܐ ܕܿܝܢ ܕܿܝܥܩܘܼܒܼ܃ ܠܥܡ̱ܡܐ̈ ܩܪܝܐ̈ ܕܿܒܼܐܠܗܐ ܐܒܼܐ ܪܚܝܡܝܢ܃ ܘܒܼܝܫܘܼܥ ܡܫܝܚܐ ܢܛܝܪܝܢ܂	63065	63065 [http://cal1.cn.huc.edu/get_a_chapter.php?file=63065&cset=U]	Jude	http://cal1.cn.huc.edu/get_a_chapter.php?file=63065&cset=U																					2381	336-337		ܐܶܓܰܪܬܳܐ ܕܺܝܗܘܽܕܳܐ ܐܰܚܘܽܗ̱ܝ ܕܝܰܥܩܘܽܒ																
Revelation (Peshitta Version)	http://syriaca.org/work/98	98	9615	27	2335		ܓܠܝܢܐ ܕܝܘܚܢܢ						ܓܠܝܢܐ ܕܝܘܚܢܢ	2368	Revelation	https://en.wikipedia.org/wiki/Book_of_Revelation	https://www.wikidata.org/wiki/Q42040	https://viaf.org/viaf/181843323			325-345	325	345	2432	Rev		Revelation					Revelation	2439		Edition 1			ܓܿܠܝܢܐ ܕܿܝܫܘܼܥ ܡܫܝܚܐ܃ ܕܿܝܗ̱ܒܼ ܠܗ ܐܠܗܐ܃ ܠܡܚܘܝܘܼ ܠܥܒܼܕܿܘܗ̱ܝ̈܂ ܡܐ ܕܿܝܗܝܒܼ ܠܡܗܘܐ ܒܿܥܓܼܠ܂ ܘܫܘܕܿܥ ܟܿܕܼ ܫܠܚ ܒܿܝܕܼ ܡܠܐܟܼܗ܂ ܠܥܒܼܕܿܗ ܝܘܼܚܢܢ܃	63066	63066 [http://cal1.cn.huc.edu/showsubtexts.php?subtext=63066&cset=USyriac]	Rev (Revelation)	http://cal1.cn.huc.edu/showsubtexts.php?subtext=63066&cset=USyriac									Manchester, John Rylands University Library, Syriac 2 (=Crawford Syriac 2)						2431			Ms 1			2381	338-360			ܓܶܠܝܳܢܳܐ ܕܰܗܘܳܐ ܥܰܠ ܝܘܽܚܰܢܳܢ ܐܶܘܰܢܓܶܠܺܝܣܛܰܐ ܡܶܢ ܐܰܠܳܗܳܐ ܒܦܰܛܰܐܡܘܽܢ ܓܳܙܰܪܬܳܐ. ܕܶܐܫܬܕܺܝ ܠܳܗ̇ ܡܶܢ ܢܶܐܪܘܽܢ ܩܰܝܣܰܪ܀													2430	118-119	
The Old Testament (Peshitta Version)	http://syriaca.org/work/69	69	9586		2335		ܟܬܒܐ ܕܕܝܬܩܐ ܥܬܝܩܬܐ								Old Testament	https://en.wikipedia.org/wiki/Old_Testament	https://www.wikidata.org/wiki/Q19786	https://viaf.org/viaf/185083399						2432			Hebrew Bible	Old Testament		2438	Ms 1																				Milan, Ambrosian Library, B. 21. Inf. (7a1)																						2387									2442
New Testament (Peshitta Version)	http://syriaca.org/work/70	70	9587		2335		ܟܬܒܐ ܕܕܝܬܩܐ ܚ̇ܕܬܐ	ܟܬܒܐ ܕܐܘܢܓܠܝܘܢ ܩܕܝܫܐ							New Testament	https://en.wikipedia.org/wiki/New_Testament	https://www.wikidata.org/wiki/Q18813	https://viaf.org/viaf/185488588						2432			New Testament																																																							
Bible (Peshitta Version)	http://syriaca.org/work/9716	9716	9503		2335		ܟܬܒ̈ܐ ܩܕܝ̈ܫܐ								Bible	https://en.wikipedia.org/wiki/Bible	https://www.wikidata.org/wiki/Q1845	https://viaf.org/viaf/174429434																																																																
Pentateuch (Peshitta Version)	http://syriaca.org/work/68	68	9585		2335		ܟܬܒܐ ܕܐܘܪܝܬܐ ܕܡܘܫܐ ܢܒܝ̣ܐ								Torah	https://en.wikipedia.org/wiki/Torah	https://www.wikidata.org/wiki/Q34990													2438	Ms 1																				Milan, Ambrosian Library, B. 21. Inf. (7a1)																						2387									2442
The Twelve Minor Prophets (Peshitta Version)	http://syriaca.org/work/50	50	9567		2335		ܟܬܒܐ ܕܬܪ̈ܥܣܪ ܢܒ̈ܝܝܢ				ܬܘܒ ܟܬܒܐ ܕܬܪ̈ܥܣܪ ܢܒ̈ܝܝܢ	ܫܠܡ ܟܬܒܐ ܕܬܪ̈ܥܣܪ ܢܒ̈ܝܝܢ܀	ܟܬܒܐ ܕܬܪ̈ܥܣܪ ܢܒܝ̈ܐ		Twelve Minor Prophets	https://en.wikipedia.org/wiki/Twelve_Minor_Prophets	https://www.wikidata.org/wiki/Q245248	https://viaf.org/viaf/186714731	https://viaf.org/viaf/213035938		556-592	556	592							2438	Ms 1																				Milan, Ambrosian Library, B. 21. Inf. (7a1)																						2387									2442
Catholic Epistles (Peshitta Version)	http://syriaca.org/work/160	160	9644		2335								ܐܓܪ̈ܬܐ ܩܐܬܘܠܝܩܐܣ		Catholic Epistles	https://en.wikipedia.org/wiki/Catholic_epistles	https://www.wikidata.org/wiki/Q755655																																																																	
Epistles of Paul (Peshitta Version)	http://syriaca.org/work/159	159	9643		2335						ܦܘܠܘܣ ܫܠܝܚܐ		ܐܓܪ̈ܬܐ ܕܦܘܠܘܣ ܫܠܝܚܐ		Pauline Epistles	https://en.wikipedia.org/wiki/Pauline_epistles	https://www.wikidata.org/wiki/Q265283	https://viaf.org/viaf/176999286			202-289	202	289																																																											
The Two Epistles of Baruch (Peshitta Version)	http://syriaca.org/work/65	65	9582		2335								ܐܓܪ̈ܬܐ ܕܒܪܘܟ								65-71	65	71							2438	Ms 1																				Milan, Ambrosian Library, B. 21. Inf. (7a1)																						2387									2442
The two books of Samuel (Peshitta Version)	http://syriaca.org/work/44	44	9635		2335							ܫܠ̣ܡ ܟܬܒܐ ܗܢܐ ܕܡܬܟܢܐ ܕܫܡܘܐܝܠ ܢܒܝܐ ܕܐܝܬܘ̅ ܦܬܓܡ̈ܐ ܬܠܬ ܐܠܦ̈ܝܢ ܘܐܪܒܥܡ̈ܐܐ ܘܬܠܬܝ̈ܢ ܘܫ̈ܬ܀	ܣܦܪܐ ܕܫܡܘܐܝܠ ܢܒܝܐ		Books of Samuel	https://en.wikipedia.org/wiki/Books_of_Samuel	https://www.wikidata.org/wiki/Q181620				229-280	229	280							2438	Ms 1																				Milan, Ambrosian Library, B. 21. Inf. (7a1)																						2387									2442
Apocryphal Psalms (151-155)	http://syriaca.org/work/9511	9511	9713																					2432	5 Apoc. Syr. Pss.		Five Apocryphal Syriac Psalms			2438	Ms 1	Apocryphal Psalms	2439						62085	62085 [http://cal1.cn.huc.edu/showsubtexts.php?subtext=62085&cset=USyriac]	ApocPs	http://cal1.cn.huc.edu/showsubtexts.php?subtext=62085&cset=USyriac									Mosul, Library of the Chaldean Patriarchate, 1113 (12t4)																			2413	Ms 1		2387									2442
Psalm 151 (Peshitta Version)	http://syriaca.org/work/39	39	9670												Psalm 151	https://en.wikipedia.org/wiki/Psalm_151	https://www.wikidata.org/wiki/Q1052253							2432	Ps 151		Psalm 151			2438	Ms 1																				Mosul, Library of the Chaldean Patriarchate, 1113 (12t4)																			2413	Ms 1		2387									2442
Psalms 152-155 (Peshitta Version)	http://syriaca.org/work/10501	10501	10502												Psalms 152–155	https://en.wikipedia.org/wiki/Psalms_152–155	https://www.wikidata.org/wiki/Q1317857													2438	Ms 1																				Mosul, Library of the Chaldean Patriarchate, 1113 (12t4)																			2413	Ms 1		2387									2442
Tobit (LXX/Septuagint Version)	http://syriaca.org/work/202	202	9686												Tobit	https://en.wikipedia.org/wiki/Book_of_Tobit	https://www.wikidata.org/wiki/Q131737							2432	Tob		Tobit			2438	Ms 1	Tobit	2439		Edition 3			ܟܬܒܐ ܕܡ̈ܠܐ ܛܘܒܝܛ ܗܿܘ ܕܒܝܐܝܠ ܗܿܘ ܕܚܢܢܐܝܠ ܗܿܘ ܕܐܕܘܐܝܠ ܗܿܘ ܕܓܒܐܝܠ ܡܢ ܙܪܥܐ ܕܐܫܐܝܠ ܡܢ ܫܪܒܬܐ ܕܢܦܬܠܝ܂	62067	62067 [http://cal1.cn.huc.edu/showsubtexts.php?subtext=62067&cset=USyriac]	Tobit	http://cal1.cn.huc.edu/showsubtexts.php?subtext=62067&cset=USyriac									Deir al-Surian 27b (8f1)																						2387									2442
Prayer of Azariah (Peshitta Version)	http://syriaca.org/work/10503	10503	10504																					2432	Pr Azar		Prayer of Azariah			2438	Ms 1		2439		Edition 0	ܨܠܘܬܐ ܕܚܢܢܝܐ ܘܕܚܒܪ̈ܘܗܝ	ܨܠܘܬܐ ܕܥܙܪܝܐ ܘܕܚܒܪ̈ܘܗܝ	ܡܒܪܟ ܐܢܬ ܡܪܝܐ ܐܠܗܐ ܕܐ̈ܒܗܬܢ ‍<‍ܘܡܫܒܚܬ>‍܂ ܘܡܪܡܪܡ ܘܡܫܒܚ ܫܡܟ ܠܥܠܡ܂܀	62035.001	62035.001 [http://cal1.cn.huc.edu/get_a_chapter.php?file=62035&sub=001&cset=U]	P Dan	http://cal1.cn.huc.edu/get_a_chapter.php?file=62035&sub=001&cset=U	3:26-50								Milan, Ambrosian Library, B. 21. Inf. (7a1)																						2387									2442
The history of Bel	http://syriaca.org/work/193	193	9677																											2438	Ms 1		2439		Edition 0	ܒܝܠ ܦܬܟܪܐ		ܘܡܠܟܐ ܐܣܛܝܓܘܣ ܐܬܬܘܣܦ ܥܠ ܐܒܗ̈ܬܗ܂ ܘܩܿܒܠ ܟܘܪܫ ܦܪܣܝܐ ܡܠܟܘܬܗ܂	62035.002	62035.002 [http://cal1.cn.huc.edu/get_a_chapter.php?file=62035&sub=002&cset=U]	P Bel	http://cal1.cn.huc.edu/get_a_chapter.php?file=62035&sub=002&cset=U									Milan, Ambrosian Library, B. 21. Inf. (7a1)																						2387									2442
The history of the Dragon	http://syriaca.org/work/194	194	9678																											2438	Ms 1		2439		Edition 0	ܬܢܝܢܐ		ܐܝܬ ܗܘܐ ܕܝܢ ܬܘܒ ܬܡܢ ܬܢܝܢܐ ܪܒܐ܂ ܘܣܿܓܕܝܢ ܗܘܘ ܠܗ ܒܒ̈ܠܝܐ܂	62035.003	62035.003 [http://cal1.cn.huc.edu/get_a_chapter.php?file=62035&sub=003&cset=U]	P Drag (The Dragon)	http://cal1.cn.huc.edu/get_a_chapter.php?file=62035&sub=003&cset=U									Milan, Ambrosian Library, B. 21. Inf. (7a1)																						2387									2442
Song of the Three Holy Children (Peshitta Version)	http://syriaca.org/work/54	54	9571																					2432	Sg Three		Song of the Three Young Men			2438	Ms 1		2439		Edition 0			ܗܝܕܝܢ ܬܠܬܝܗܘܢ ܡܢ ܚܕ ܦܘܡܐ ܡܫܒܚܝܢ ܗܘܘ ܘܡܒܪܟܝܢ ܠܐܠܗܐ ܡܢ ܓܘ ܐܬܘܢܐ ܕܢܘܪܐ ܘܐܡܪܝܢ܂	62035.001	62035.001 [http://cal1.cn.huc.edu/get_a_chapter.php?file=62035&sub=001&cset=U]	P Dan	http://cal1.cn.huc.edu/get_a_chapter.php?file=62035&sub=001&cset=U	3:51-90								Milan, Ambrosian Library, B. 21. Inf. (7a1)						2385																2387									2442
Prayer of Manasseh (Peshitta Version 1)	http://syriaca.org/work/9510	9510	9712												Prayer of Manasseh	https://en.wikipedia.org/wiki/Prayer_of_Manasseh	https://www.wikidata.org/wiki/Q1337449							2432	Pr Man		Prayer of Manasseh			2438	Ms 1	Prayer of Manasseh	2439		Edition 0	ܨܠܿܘܬܐ ܕܡܢܫܐ		ܡܪܝܐ ܐܠܗܐ ܕܐܒ̈ܗܝܢ܂ ܐܠܗܗ ܕܐܒܪܗܡ ܘܕܐܝܣܚܩ ܘܕܝܥܩܘܒ ܘܕܙܪܥܗܘܢ ܙܕܝܩܐ܃	62084	62084 [http://cal1.cn.huc.edu/get_a_chapter.php?file=62084&sub=1&cset=U]	P PrMan 9a1	http://cal1.cn.huc.edu/get_a_chapter.php?file=62084&sub=1&cset=U									Florence, Bibl. Medicea Laurenziana, Orient. 58 (9a1)																				Ms 1	2386	2387									2442
Prayer of Manasseh (Peshitta Version 2)	http://syriaca.org/work/10505	10505	9712												Prayer of Manasseh	https://en.wikipedia.org/wiki/Prayer_of_Manasseh	https://www.wikidata.org/wiki/Q1337449							2432	Pr Man		Prayer of Manasseh			2438	Ms 1	Prayer of Manasseh	2439	ܨܠܘܬܐ ܕܡܢܫܐ ܡܿܠܟܐ ܕܒܢ̈ܝ ܐܝܣܪܐܝܠ ܟܕ ܐܫܬܒܼܝ ܠܒܒܝܠ ܘܨܒ̈ܘ ܕܢܘܩ̈ܕܘܢܝܗܝ ܘܐܬܬܘܼܝ ܟܕ ܗܼܘ ܒܬܘܪܐ ܕܢܚܫܐ ܘܨܿܠܝ ܘܐܬܒܙܥ ܬܘܪܐ ܕܢܚܫܐ ܘܐܫܬܟܼܚ ܩܐܿܡ ܕܠܐ ܢܟܝܢ ܒܐܘܪܫܠܡ܃	Edition 0			ܡܪܝܐ ܫܡܝܢܐ ܐܚܝܕ ܟܠ܂ ܐܠܗܐ ܕܐܒ̈ܗܬܢ܂ ܕܐܒܪܗܡ ܘܕܐܝܣܚܩ ܘܕܝܥܩܘܒ ܘܕܟܠܗ ܙܪܥܗܘܢ ܙܕܝܩ̈ܐ܃	62084	62084 [http://cal1.cn.huc.edu/get_a_chapter.php?file=62084&sub=2&cset=U]	P PrMan 10t1	http://cal1.cn.huc.edu/get_a_chapter.php?file=62084&sub=2&cset=U									Leningrad, M.E. Saltykov-Shchedrin State Public Libr., New ser. 19 (10t1)																			2412	Ms 1	2386	2387									2442
Psalms of Solomon	http://syriaca.org/work/9508	9508	9710												Psalms of Solomon	https://en.wikipedia.org/wiki/Psalms_of_Solomon	https://www.wikidata.org/wiki/Q1418058							2432	Pss. Sol.		Psalms of Solomon			2438	Ms 1		2439	ܙܡܝܼܪܬܐ ܕܡ܊ ܘܬܠܬ	Edition 4, Edition 0			ܓܥܿܝܬ ܠܘܬ ܡܪܝܐ܂ ܟܕ ܐܬܿܐܠܨܬ ܒܐܚܪܝܬܝ܂ ܘܠܘܬ ܐܠܗܐ ܟܕ ܣܡܼܘ ܥܠܝ ܚܿܛ̈ܝܐ	62087	62087 [http://cal1.cn.huc.edu/showsubtexts.php?subtext=62087&cset=USyriac]	PsS	http://cal1.cn.huc.edu/showsubtexts.php?subtext=62087&cset=USyriac									Manchester, John Rylands University Library, Ryl. Syr. Ms. 9 (16h1)																			2414	Ms 1		2387									2442
1 Esdras (3 Ezra) (Syro-Hexapla Version)	http://syriaca.org/work/40	40	9706												1 Esdras	https://en.wikipedia.org/wiki/1_Esdras	https://www.wikidata.org/wiki/Q1200049							2432	1 Esd		1 Esdras			2438	Ms 1	1 Esdras	2439		Edition 4, Edition 0			ܘܥܒܕ ܝܘܫܝܐ ܠܦܨܚܐ ܒܐܘܪܫܠܡ ܠܡܪܝܐ ܕܝܠܗ ܘܕܒܚ ܠܦܨܚܐ ܐܪܒܥܣܪ̈ܐ ܕܝܪܚܐ ܩܕܡܝܐ	62082	62082 [http://cal1.cn.huc.edu/showsubtexts.php?subtext=62082&cset=USyriac]	1Esdras(3 Ezra)	http://cal1.cn.huc.edu/showsubtexts.php?subtext=62082&cset=USyriac									Cambridge University Library Oo 1.1, 2 (12a1)	2	230b-234a				2385													2416	Ms 1		2387									2442
Canticles (Peshitta Version)	http://syriaca.org/work/10506	10506	10507												Book of Odes (Bible)	https://en.wikipedia.org/wiki/Book_of_Odes_(Bible)	https://www.wikidata.org/wiki/Q997766													2438	Ms 1	Odae																			London, British Library, Add. 17,109 (9t3)																			2411	Ms 1		2387									2442
The two books of Kings (Peshitta Version)	http://syriaca.org/work/45	45	9562		2335										Books of Kings	https://en.wikipedia.org/wiki/Books_of_Kings	https://www.wikidata.org/wiki/Q4224666				280-334									2438	Ms 1																				Milan, Ambrosian Library, B. 21. Inf. (7a1)																			2399	Ms 1		2387									2442
The two books of Chronicles (Peshitta Version)	http://syriaca.org/work/46	46	9563		2335										Books of Chronicles	https://en.wikipedia.org/wiki/Books_of_Chronicles	https://www.wikidata.org/wiki/Q161953				334-392									2438	Ms 1																				Milan, Ambrosian Library, B. 21. Inf. (7a1)																			2408	Ms 1		2387									2442
3 Maccabees (Peshitta Version)	http://syriaca.org/work/62	62	9579												3 Maccabees	https://en.wikipedia.org/wiki/3_Maccabees	https://www.wikidata.org/wiki/Q223169							2432	3 Macc		3 Maccabees			2438	Ms 1	3 Maccabees	2439		Edition 3, Edition 11			ܦܛܠܘܡܐܘܣ ܕܝܢ ܦܝܠܘܡܐܛܘܪ ܝܠܦ ܗܘܐ ܡܢ ܐܝܠܝܢ ܕܦܢܘ ܠܘܬܗ ܕܐܚܕ ܐܢܛܝܘܟܘܣ ܐܬܪ̈ܘܬܐ ܐܝܠܝܢ ܕܗܘ ܫܠܝܛ ܗܘܐ ܥܠܝܗܘܢ ܘܫܩܠ ܐܢܘܢ ܡܢܗ ܘܦܩܕ ܠܟܠܗܘܢ ܚܝܠܘ̈ܬܗ ܠܦܪ̈ܫܐ ܘܠܪ̈ܓܠܐ ܕܢܙܕܝܢܘܢ ܘܕܒܪ ܥܡܗ ܐܦ ܠܚܬܗ ܐܪܣܝܢܘܐܐ ܘܐܬܐ ܥܕܡܐ ܠܐܬܪ̈ܘܬܐ ܕܪܦܝ ܐܝܟܐ ܕܫܪܝܐ ܗܘܬ ܡܫܪܝܬܗ ܕܐܢܛܝܘܟܘܣ܂	62080	62080 [http://cal1.cn.huc.edu/showsubtexts.php?subtext=62080&cset=USyriac]	P 3Mac	http://cal1.cn.huc.edu/showsubtexts.php?subtext=62080&cset=USyriac									Milan, Ambrosian Library, B. 21. Inf. (7a1)						2385		255 ff.											2429	Ms 1		2387									2442
4 Maccabees (Peshitta Version)	http://syriaca.org/work/63	63	9580												4 Maccabees	https://en.wikipedia.org/wiki/4_Maccabees	https://www.wikidata.org/wiki/Q230255							2432	4 Macc		4 Maccabees			2438	Ms 1	4 Maccabees	2439		Edition 3, Edition 5	ܣܼܦܪܐ ܕܐܪܒܥܐ ܕܥܠ ܡܩ̈ܒܝܐ ܘܐܡܗܘܢ̈		ܡܠܬܐ ܕܦܝܠܘܣܦܘܬܐ ܡܛܝܒ ܐܢܐ ܕܐܚܿܘܐ ܩܕܡܝܟܘܢ܂ ܕܐܢ ܡܫܠܛܐ ܗܘ ܪܥܝܢܐ ܫܪܝܪܐ ܕܫܿܠܡ ܠܕܚܠܬ ܐܠܗܐ܂ ܘܡܿܠܟ ܐܢܐ ܠܟܘܢ ܬܪܝܨܐܝܬܼ ܕܒܚܦܝܛܘܬܐ ܬܚܘܪܘܢ ܒܦܝܠܣܘܦܘܬܐ܃	62081	62081 [http://cal1.cn.huc.edu/showsubtexts.php?subtext=62081&cset=USyriac]	P 4Mac	http://cal1.cn.huc.edu/showsubtexts.php?subtext=62081&cset=USyriac		2431							Milan, Ambrosian Library, B. 21. Inf. (7a1)																			2429	Ms 1		2387									2442
2 Esdras (4 Ezra) (Peshitta Version)	http://syriaca.org/work/41	41	9558												2 Esdras	https://en.wikipedia.org/wiki/2_Esdras	https://www.wikidata.org/wiki/Q230150							2432	2 Esd		2 Esdras			2438	Ms 1	2 Esdras	2439		Edition 5			ܒܫܢܬ ܬܠܬܝܢ ܕܡܦܘܠܬܗܿ ܕܡܕܝܢܬܢ ܐܢܐܿ ܫܠܬܐܝܠ ܕܐܝܬܝ ܥܙܪܐܼ܂ ܐܝܿܬܝ ܗܘܿܝܬ ܒܒܒܠ܂ ܘܪܡܼܐ ܗܿܘܝܬ ܥܠ ܬܫܘܝܬܝ ܘܬܘܝܗ ܗܿܘܝܬ܂ ܘܡܚܫ̈ܒܬܐ ܣܠܩܢ ܗ̈ܘܝ ܥܠ ܠܒܝ܂	62072	62072 [http://cal1.cn.huc.edu/showsubtexts.php?subtext=62072&cset=USyriac]	P 4Ezra	http://cal1.cn.huc.edu/showsubtexts.php?subtext=62072&cset=USyriac		2440	Edition 0	4 Ezra [http://ocp.tyndale.ca/docs/text/4Ezra]		4 Ezra	http://ocp.tyndale.ca/docs/text/4Ezra		Milan, Ambrosian Library, B. 21. Inf. (7a1)																			2410	Ms 1		2387									2442
2 Baruch (Apocalypse of Baruch) (Peshitta Version)	http://syriaca.org/work/10508	10508	10509												2 Baruch	https://en.wikipedia.org/wiki/2_Baruch	https://www.wikidata.org/wiki/Q619838							2432	2 Bar.		2 Baruch (Syriac Apocalypse)			2438	Ms 1	Apocalypse of Baruch	2439		Edition 5, Ms 1, Ms 2			ܘܗܼܘܐ ܒܫܢܬ ܥܣܪܝܢ ܘܚܡܫ ܕܝܘܟܢܝܐ ܡܿܠܟܐ ܕܝܗܘܕܐܼ܂ ܗܘܼܐ ܦܬܓܡܗ ܕܡܪܝܐ ܥܠ ܒܪܘܟ ܒܪ ܢܪܝܐ ܘܐܼܡܼܪ ܠܗ܂	62071	62071 [http://cal1.cn.huc.edu/showsubtexts.php?subtext=62071&cset=USyriac]	P ApocBar	http://cal1.cn.huc.edu/showsubtexts.php?subtext=62071&cset=USyriac		2441	Edition 0	2 (Syriac Apocalypse of) Baruch [http://ocp.tyndale.ca/docs/text/2Bar]		2 (Syriac Apocalypse of) Baruch	http://ocp.tyndale.ca/docs/text/2Bar		Milan, Ambrosian Library, B. 21. Inf. (7a1)																			2409	Ms 1		2387									2442
Matthew (Old Syriac)	http://syriaca.org/work/9513	9513	9646																					2432	Matt		Matthew						2439		Edition 5		ܐܘܢܓܠܝܘܢ ܕܡ̈ܦܪܫܐ ܡܬܝ	ܟܬܒܐ ܕܬܘ̈ܠܕܬܐ ܕܝܫܘܥ ܡܫܝܚܐ ܒܪܗ ܕܕܘܝܕ ܒܪܗ ܕܐܒܪܗܡ	60040	60040 [http://cal1.cn.huc.edu/showsubtexts.php?subtext=60040&cset=USyriac]	OS Mt	http://cal1.cn.huc.edu/showsubtexts.php?subtext=60040&cset=USyriac		2434	Ms 1, Ms 2						Syriac Sinaiticus			Codex Curetonianus																												
Mark (Old Syriac)	http://syriaca.org/work/9514	9514	9647																					2432	Mark		Mark						2439		Edition 5				60041	60041 [http://cal1.cn.huc.edu/showsubtexts.php?subtext=60041&cset=USyriac]	OS Mk	http://cal1.cn.huc.edu/showsubtexts.php?subtext=60041&cset=USyriac		2435	Ms 1, Ms 2						Syriac Sinaiticus			Codex Curetonianus																												
Luke (Old Syriac)	http://syriaca.org/work/9515	9515	9648																					2432	Luke		Luke						2439		Edition 5	ܐܘܢܓܠܝܘܢ ܕܠܘܩܐ		ܡܛܠ ܕܣܓܝܐܐ ܨܒܘ ܠܡܟܬܒ ܘܠܡܫܬܥܝܘ ܥܠ ܨܒܘ̈ܬܐ ܐܝܠܝܢ ܕܒܢ ܡܫܡ̈ܠܝܢ܂	60042	60042 [http://cal1.cn.huc.edu/showsubtexts.php?subtext=60042&cset=USyriac]	OS Lk	http://cal1.cn.huc.edu/showsubtexts.php?subtext=60042&cset=USyriac		2436	Ms 1, Ms 2						Syriac Sinaiticus			Codex Curetonianus																												
John (Old Syriac)	http://syriaca.org/work/9516	9516	9641																					2432	John		John						2439		Edition 5	ܐܘܢܓܠܝܘܢ ܕܝܘܚܢܢ	ܐܘܢܓܠܝܘܢ܂ ܕܝܘܚܢܢ	ܒܪܫܝܬ ܐܝܬܘܗܝ ܗܘܐ ܡܠܬܐ܂ ܘܗܘ ܡܠܬܐ ܐܝܬܘܗܝ ܗܘܐ ܠܘܬ ܐܠܗܐ܂ ܘܐܠܗܐ ܐܝܬܘܗܝ ܗܘܐ ܗܘ ܡܠܬܐ܂	60043	60043 [http://cal1.cn.huc.edu/showsubtexts.php?subtext=60043&cset=USyriac]	OS Jn	http://cal1.cn.huc.edu/showsubtexts.php?subtext=60043&cset=USyriac		2437	Ms 1, Ms 2						Syriac Sinaiticus			Codex Curetonianus																												