New URI	title syriaca-headword.en		title syriaca-headword.Edition 1.syr	Corresponding work	Corresponding Work URI	idno URI	idno URI	idno URI	idno URI	idno URI
9503	Bible (literary tradition)		ܟܬܒ̈ܐ ܩܕܝ̈ܫܐ	9716	http://wwwb.library.vanderbilt.edu/work/9716	https://en.wikipedia.org/wiki/Bible	https://www.wikidata.org/wiki/Q1845	https://viaf.org/viaf/174429434		
9520	Leviticus (literary tradition)		ܣܦܪܐ ܕܟܗ̈ܢܐ	3	http://wwwb.library.vanderbilt.edu/work/3	https://en.wikipedia.org/wiki/Book_of_Leviticus	https://www.wikidata.org/wiki/Q41490			
9522	Deuteronomy (literary tradition)		ܣܦܪܐ ܕܬܢ̇ܝܢ ܢܡܘܣܐ	5	http://wwwb.library.vanderbilt.edu/work/5	https://en.wikipedia.org/wiki/Book_of_Deuteronomy	https://www.wikidata.org/wiki/Q42614			
9526	1 Samuel (literary tradition)		ܣܦܪܐ ܕܫܡܘܐܝܠ ܢܒܝܐ ܩܕܡܝܐ	9	http://wwwb.library.vanderbilt.edu/work/9					
9527	2 Samuel (literary tradition)		ܣܦܪܐ ܕܫܡܘܐܝܠ ܢܒܝܐ ܕܬܪܝܢ	10	http://wwwb.library.vanderbilt.edu/work/10					
9529	2 Kings (literary tradition)		ܣܦܪܐ ܬܪܝܢ ܕܡܠ̈ܟܐ	12	http://wwwb.library.vanderbilt.edu/work/12					
9530	1 Chronicles (literary tradition)		ܣܦܪܐ ܩܕܡܝܐ ܕܒܪܝܡܝܢ	13	http://wwwb.library.vanderbilt.edu/work/13					
9531	2 Chronicles (literary tradition)		ܣܦܪܐ ܬܪܝܢ ܕܒܪܝܡܝܢ	14	http://wwwb.library.vanderbilt.edu/work/14					
9532	Ezra (literary tradition)		ܣܦܪܐ ܕܥܙܪܐ ܢܒܝܐ	15	http://wwwb.library.vanderbilt.edu/work/15	https://en.wikipedia.org/wiki/Book_of_Ezra	https://www.wikidata.org/wiki/Q131635			
9533	Nehemiah (literary tradition)		ܣܦܪܐ ܕܢܚܡܝܐ	16	http://wwwb.library.vanderbilt.edu/work/16	https://en.wikipedia.org/wiki/Book_of_Nehemiah	https://www.wikidata.org/wiki/Q131640	https://viaf.org/viaf/37711593		
9534	Esther (literary tradition)		ܣܦܪܐ ܕܐܣܬܝܪ	17	http://wwwb.library.vanderbilt.edu/work/17	https://en.wikipedia.org/wiki/Book_of_Esther	https://www.wikidata.org/wiki/Q131068			
9535	Job (literary tradition)		ܣܦܪܐ ܕܐܝܘܒ	18	http://wwwb.library.vanderbilt.edu/work/18	https://en.wikipedia.org/wiki/Book_of_Job	https://www.wikidata.org/wiki/Q4577			
9538	Ecclesiastes (literary tradition)		ܣܦܪܐ ܕܩܘܗܠܬ	21	http://wwwb.library.vanderbilt.edu/work/21	https://en.wikipedia.org/wiki/Ecclesiastes	https://www.wikidata.org/wiki/Q131072			
9539	Song of Solomon (literary tradition)		ܣܦܪܐ ܕܬܫܒܚܬ ܬܫܒ̈ܚܬܐ	22	http://wwwb.library.vanderbilt.edu/work/22	https://en.wikipedia.org/wiki/Song_of_Songs	https://www.wikidata.org/wiki/Q51670			
9542	Lamentations (literary tradition)		ܣܦܪܐ ܕܐܘ̈ܠܝܬܗ ܪܐܪܡܝܐ ܢܒܝܐ	25	http://wwwb.library.vanderbilt.edu/work/25	https://en.wikipedia.org/wiki/Book_of_Lamentations	https://www.wikidata.org/wiki/Q179058			
9546	Joel (literary tradition)		ܣܦܪܐ ܕܝܘܝܠ ܢܒܝܐ	29	http://wwwb.library.vanderbilt.edu/work/29	https://en.wikipedia.org/wiki/Book_of_Joel	https://www.wikidata.org/wiki/Q131643	https://viaf.org/viaf/211142694	https://viaf.org/viaf/176216021	
9547	Amos (literary tradition)		ܣܦܪܐ ܕܥܡܘܣ ܢܒܝܐ	30	http://wwwb.library.vanderbilt.edu/work/30	https://en.wikipedia.org/wiki/Book_of_Amos	https://www.wikidata.org/wiki/Q174677	https://viaf.org/viaf/183065024		
9548	Obadiah (literary tradition)		ܣܦܪܐ ܕܥܘܒܕܝܐ ܢܒܝܐ	31	http://wwwb.library.vanderbilt.edu/work/31	https://en.wikipedia.org/wiki/Book_of_Obadiah	https://www.wikidata.org/wiki/Q174753	https://viaf.org/viaf/184209830	https://viaf.org/viaf/181846225	https://viaf.org/viaf/211772822
9549	Micah (literary tradition)		ܣܦܪܐ ܕܡܝܟܐ ܢܒܝܐ	32	http://wwwb.library.vanderbilt.edu/work/32	https://en.wikipedia.org/wiki/Book_of_Micah	https://www.wikidata.org/wiki/Q178076	https://viaf.org/viaf/180230104	https://viaf.org/viaf/316742707	
9550	Nahum (literary tradition)		ܣܦܪܐ ܕܢܚܘܡ ܢܒܝܐ	33	http://wwwb.library.vanderbilt.edu/work/33	https://en.wikipedia.org/wiki/Book_of_Nahum	https://www.wikidata.org/wiki/Q179755	https://viaf.org/viaf/186314968	https://viaf.org/viaf/182637061	https://viaf.org/viaf/178962161
9551	Habakkuk (literary tradition)		ܣܦܪܐ ܕܚܒܩܘܩ ܢܒܝܐ	34	http://wwwb.library.vanderbilt.edu/work/34	https://en.wikipedia.org/wiki/Book_of_Habakkuk	https://www.wikidata.org/wiki/Q179760	https://viaf.org/viaf/177827389	https://viaf.org/viaf/179804577	
9552	Zephaniah (literary tradition)		ܣܦܪܐ ܕܨܦܢܝܐ ܢܒܝܐ	35	http://wwwb.library.vanderbilt.edu/work/35	https://en.wikipedia.org/wiki/Book_of_Zephaniah	https://www.wikidata.org/wiki/Q188563	https://viaf.org/viaf/177424410	https://viaf.org/viaf/316744693	
9553	Haggai (literary tradition)		ܣܦܪܐ ܕܚܓܝ ܢܒܝܐ	36	http://wwwb.library.vanderbilt.edu/work/36	https://en.wikipedia.org/wiki/Book_of_Haggai	https://www.wikidata.org/wiki/Q178338	https://viaf.org/viaf/185495533	https://viaf.org/viaf/182230336	
9554	Zechariah (literary tradition)		ܣܦܪܐ ܕܙܟܪܝܐ ܢܒܝܐ	37	http://wwwb.library.vanderbilt.edu/work/37	https://en.wikipedia.org/wiki/Book_of_Zechariah	https://www.wikidata.org/wiki/Q179769	https://viaf.org/viaf/186702507	https://viaf.org/viaf/195940988	https://viaf.org/viaf/179401582
9555	Malachi (literary tradition)		ܣܦܪܐ ܕܡܠܐܟܝ ܢܒܝܐ	38	http://wwwb.library.vanderbilt.edu/work/38	https://en.wikipedia.org/wiki/Book_of_Malachi	https://www.wikidata.org/wiki/Q51675	https://viaf.org/viaf/192637637	https://viaf.org/viaf/178594400	
9558	2 Esdras (4 Ezra) (literary tradition)		ܟܬܒܐ ܕܥܙܪܐ ܣ̇ܦܪܐ. ܕܡܬܩܪܐ ܫܠܐܬܐܝܠ.	41	http://wwwb.library.vanderbilt.edu/work/41	https://en.wikipedia.org/wiki/2_Esdras	https://www.wikidata.org/wiki/Q230150			
9562	The Two Books of Kings (literary tradition)		ܣܦܪ ܡ̈ܠܟܐ	45	http://wwwb.library.vanderbilt.edu/work/45	https://en.wikipedia.org/wiki/Books_of_Kings	https://www.wikidata.org/wiki/Q4224666			
9563	The Two Books of Chronicles (literary tradition)		ܣܦܪ ܕܒܪܝܡܝܢ	46	http://wwwb.library.vanderbilt.edu/work/46	https://en.wikipedia.org/wiki/Books_of_Chronicles	https://www.wikidata.org/wiki/Q161953			
9564	Book of Wisdom (literary tradition)		ܣܦܪܐ ܕܚܟܡܬܐ ܪܒܬܐ	47	http://wwwb.library.vanderbilt.edu/work/47	https://en.wikipedia.org/wiki/Book_of_Wisdom	https://www.wikidata.org/wiki/Q202135			
9565	Book of Illustrious Women (composed of Ruth and Susanna) (literary tradition)		ܟܬܒܐ ܕܥܠ ܢܫ̈ܐ ܡܫܒܚ̈ܬܐ	48	http://wwwb.library.vanderbilt.edu/work/48					
9566	Susanna (literary tradition)		ܟܬܒܐ ܕܫܘ̇ܫܢ ܛܘ̣ܒܢܝ̣ܬܐ	49	http://wwwb.library.vanderbilt.edu/work/49	https://en.wikipedia.org/wiki/Susanna_(Book_of_Daniel)	https://www.wikidata.org/wiki/Q756861			
9567	The Twelve Minor Prophets (literary tradition)		ܟܬܒܐ ܕܬܪ̈ܥܣܪ ܢܒ̈ܝܝܢ	50	http://wwwb.library.vanderbilt.edu/work/50	https://en.wikipedia.org/wiki/Twelve_Minor_Prophets	https://www.wikidata.org/wiki/Q245248	https://viaf.org/viaf/186714731	https://viaf.org/viaf/213035938	
9568	Jeremiah (literary tradition)		ܣܦܪܐ ܕܐܪܡܝܐ ܢܒܝܐ	24	http://wwwb.library.vanderbilt.edu/work/24	https://en.wikipedia.org/wiki/Book_of_Jeremiah	https://www.wikidata.org/wiki/Q131590	https://viaf.org/viaf/184659808	https://viaf.org/viaf/176172762	
9569	Prayer of Jeremiah (literary tradition)		ܨܠܘܬܐ ܕܐܪܡܝܐ	52	http://wwwb.library.vanderbilt.edu/work/52					
9570	Daniel (literary tradition)		ܣܦܪܐ ܕܕܢܝܐܠ ܢܒܝܐ	27	http://wwwb.library.vanderbilt.edu/work/27	https://en.wikipedia.org/wiki/Book_of_Daniel	https://www.wikidata.org/wiki/Q80115			
9571	Song of the Three Holy Children (literary tradition)		ܨܠܘܬܐ ܕܚܢܢܝܐ ܘܕܚܒܪ̈ܘܗܝ	54	http://wwwb.library.vanderbilt.edu/work/54					
9572	Bel and the Dragon (literary tradition)		ܬܫܥܝܬܐ ܕܒܝܠ ܦܬܟܪܐ ܘܬܫܥܝܬܐ ܕܬܢܝܢܐ 	55	http://wwwb.library.vanderbilt.edu/work/55	https://en.wikipedia.org/wiki/Bel_and_the_Dragon	https://www.wikidata.org/wiki/Q218087			
9573	Book of Holy Women (literary tradition)		ܟܬܒܐ ܕܥܠ ܢܫ̈ܐ ܩܕܝ̈ܫܬܐ	56	http://wwwb.library.vanderbilt.edu/work/56					
9574	Judith (literary tradition)		ܣܦܪܐ ܕܝܗܘܕܝܬ	57	http://wwwb.library.vanderbilt.edu/work/57	https://en.wikipedia.org/wiki/Book_of_Judith	https://www.wikidata.org/wiki/Q202129			
9575	Sirach/Ecclesiasticus (literary tradition)		ܣܦܪܐ ܕܝܫܘܥ ܒܪ ܐܣܝܪܐ	58	http://wwwb.library.vanderbilt.edu/work/58	https://en.wikipedia.org/wiki/Sirach	https://www.wikidata.org/wiki/Q155980			
9576	The Three Books of the Maccabees (literary tradition)			59	http://wwwb.library.vanderbilt.edu/work/59					
9577	1 Maccabees (literary tradition)		ܣܦܪܐ ܕܡܩ̈ܒܝܐ: ܐ	60	http://wwwb.library.vanderbilt.edu/work/60	https://en.wikipedia.org/wiki/1_Maccabees	https://www.wikidata.org/wiki/Q161985	https://viaf.org/viaf/192733858		
9578	2 Maccabees (literary tradition)		ܣܦܪܐ ܕܡܩ̈ܒܝܐ: ܒ	61	http://wwwb.library.vanderbilt.edu/work/61	https://en.wikipedia.org/wiki/2_Maccabees	https://www.wikidata.org/wiki/Q209748	https://viaf.org/viaf/198908857		
9579	3 Maccabees (literary tradition)			62	http://wwwb.library.vanderbilt.edu/work/62	https://en.wikipedia.org/wiki/3_Maccabees	https://www.wikidata.org/wiki/Q223169			
9580	4 Maccabees (literary tradition)		ܣܼܦܪܐ ܕܐܪܒܥܐ ܕܥܠ ܡܩ̈ܒܝܐ ܘܐܡܗܘܢ̈	63	http://wwwb.library.vanderbilt.edu/work/63	https://en.wikipedia.org/wiki/4_Maccabees	https://www.wikidata.org/wiki/Q230255			
9582	The Two Epistles of Baruch (literary tradition)		ܐܓܪ̈ܬܐ ܕܒܪܘܟ	65	http://wwwb.library.vanderbilt.edu/work/65					
9583	Epistle of Baruch (literary tradition)		ܐܓܪܬܐ ܕܒܪܘܟ ܣܦܪܐ	66	http://wwwb.library.vanderbilt.edu/work/66					
9584	Baruch (Second Epistle of Baruch) (literary tradition)		ܐܓܪܬܐ ܕܬܪܬܝܢ ܕܒܪܘܟ ܣܦܪܐ	67	http://wwwb.library.vanderbilt.edu/work/67	https://en.wikipedia.org/wiki/Book_of_Baruch	https://www.wikidata.org/wiki/Q211746			
9585	Pentateuch (literary tradition)		ܟܬܒܐ ܕܐܘܪܝܬܐ ܕܡܘܫܐ ܢܒܝ̣ܐ	68	http://wwwb.library.vanderbilt.edu/work/68	https://en.wikipedia.org/wiki/Torah	https://www.wikidata.org/wiki/Q34990			
9586	Old Testament (literary tradition)		ܟܬܒܐ ܕܕܝܬܩܐ ܥܬܝܩܬܐ	69	http://wwwb.library.vanderbilt.edu/work/69	https://en.wikipedia.org/wiki/Old_Testament	https://www.wikidata.org/wiki/Q19786	https://viaf.org/viaf/185083399		
9587	New Testament (literary tradition)		ܟܬܒܐ ܕܕܝܬܩܐ ܚ̇ܕܬܐ	70	http://wwwb.library.vanderbilt.edu/work/70	https://en.wikipedia.org/wiki/New_Testament	https://www.wikidata.org/wiki/Q18813	https://viaf.org/viaf/185488588		
9593	Acts (literary tradition)		ܦܪܟܣܣ ܕܫܠܝ̈ܚܐ	76	http://wwwb.library.vanderbilt.edu/work/76	https://en.wikipedia.org/wiki/Acts_of_the_Apostles	https://www.wikidata.org/wiki/Q40309			
9594	Romans (literary tradition)		ܐܓܪܬܐ ܕܦܘܠܘܣ ܕܠܘܬ ܪ̈ܗܘܡܝܐ	77	http://wwwb.library.vanderbilt.edu/work/77	https://en.wikipedia.org/wiki/Epistle_to_the_Romans	https://www.wikidata.org/wiki/Q48203			
9595	1 Corinthians (literary tradition)		ܐܓܪܬܐ ܕܦܘܠܘܣ ܕܠܘܬ ܩܘܪ̈ܝܢܬܝܐ ܩܕܡܝܬܐ	78	http://wwwb.library.vanderbilt.edu/work/78	https://en.wikipedia.org/wiki/First_Epistle_to_the_Corinthians	https://www.wikidata.org/wiki/Q80355			
9596	2 Corinthians (literary tradition)		ܐܓܪܬܐ ܕܦܘܠܘܣ ܕܠܘܬ ܩܘܪ̈ܝܢܬܝܐ ܕܬܪܬܝܢ	79	http://wwwb.library.vanderbilt.edu/work/79	https://en.wikipedia.org/wiki/Second_Epistle_to_the_Corinthians	https://www.wikidata.org/wiki/Q123808			
9597	Galatians (literary tradition)		ܐܓܪܬܐ ܕܦܘܠܘܣ ܕܠܘܬ ܓܠܛܝ̈ܐ	80	http://wwwb.library.vanderbilt.edu/work/80	https://en.wikipedia.org/wiki/Epistle_to_the_Galatians	https://www.wikidata.org/wiki/Q128620	https://viaf.org/viaf/177784291		
9598	Ephesians (literary tradition)		ܐܓܪܬܐ ܕܦܘܠܘܣ ܕܠܘܬ ܐܦܣܝ̈ܐ	81	http://wwwb.library.vanderbilt.edu/work/81	https://en.wikipedia.org/wiki/Epistle_to_the_Ephesians	https://www.wikidata.org/wiki/Q408673	https://viaf.org/viaf/175374828		
9599	Philippians (literary tradition)		ܐܓܪܬܐ ܕܦܘܠܘܣ ܕܠܘܬ ܦܝܠܝܦܣܝ̈ܐ	82	http://wwwb.library.vanderbilt.edu/work/82	https://en.wikipedia.org/wiki/Epistle_to_the_Philippians	https://www.wikidata.org/wiki/Q51613			
9600	Colossians (literary tradition)		ܐܓܪܬܐ ܕܦܘܠܘܣ ܕܠܘܬ ܩܘܠ̈ܣܝܐ	83	http://wwwb.library.vanderbilt.edu/work/83	https://en.wikipedia.org/wiki/Epistle_to_the_Colossians	https://www.wikidata.org/wiki/Q131095	https://viaf.org/viaf/182875824		
9601	1 Thessalonians (literary tradition)		ܐܓܪܬܐ ܕܦܘܠܘܣ ܕܠܘܬ ܬܣܠ̈ܘܢܝܩܝܐ ܩܕܡܝܬܐ	84	http://wwwb.library.vanderbilt.edu/work/84	https://en.wikipedia.org/wiki/First_Epistle_to_the_Thessalonians	https://www.wikidata.org/wiki/Q131115			
9602	2 Thessalonians (literary tradition)		ܐܓܪܬܐ ܕܦܘܠܘܣ ܕܠܘܬ ܬܣܠ̈ܘܢܝܩܝܐ ܕܬܪܬܝܢ	85	http://wwwb.library.vanderbilt.edu/work/85	https://en.wikipedia.org/wiki/Second_Epistle_to_the_Thessalonians	https://www.wikidata.org/wiki/Q131107			
9603	1 Timothy (literary tradition)		ܐܓܪܬܐ ܕܦܘܠܘܣ ܕܠܘܬ ܛܝܡܬܐܘܣ ܩܕܡܝܬܐ	86	http://wwwb.library.vanderbilt.edu/work/86	https://en.wikipedia.org/wiki/First_Epistle_to_Timothy	https://www.wikidata.org/wiki/Q131180			
9604	2 Timothy (literary tradition)		ܐܓܪܬܐ ܕܦܘܠܘܣ ܕܠܘܬ ܛܝܡܬܐܘܣ ܕܬܪܬܝܢ	87	http://wwwb.library.vanderbilt.edu/work/87	https://en.wikipedia.org/wiki/Second_Epistle_to_Timothy	https://www.wikidata.org/wiki/Q131489			
9605	Titus (literary tradition)		ܐܓܪܬܐ ܕܦܘܠܘܣ ܕܠܘܬ ܛܝܛܘܣ	88	http://wwwb.library.vanderbilt.edu/work/88	https://en.wikipedia.org/wiki/Epistle_to_Titus	https://www.wikidata.org/wiki/Q131493			
9606	Philemon (literary tradition)		ܐܓܪܬܐ ܕܦܘܠܘܣ ܕܠܘܬ ܦܝܠܝܡܘܢ	89	http://wwwb.library.vanderbilt.edu/work/89	https://en.wikipedia.org/wiki/Epistle_to_Philemon	https://www.wikidata.org/wiki/Q131104			
9607	Hebrews (literary tradition)		ܐܓܪܬܐ ܕܠܘܬ ܥܒܪ̈ܝܐ	90	http://wwwb.library.vanderbilt.edu/work/90	https://en.wikipedia.org/wiki/Epistle_to_the_Hebrews	https://www.wikidata.org/wiki/Q128608			
9609	1 Peter (literary tradition)		ܐܓܪܬܐ ܕܦܛܪܘܣ ܫܠܝܚܐ	92	http://wwwb.library.vanderbilt.edu/work/92	https://en.wikipedia.org/wiki/First_Epistle_of_Peter	https://www.wikidata.org/wiki/Q131119			
9612	2 John (literary tradition)		ܐܓܪܬܐ ܕܬܪܬܝܢ ܕܝܘܚܢܢ	95	http://wwwb.library.vanderbilt.edu/work/95	https://en.wikipedia.org/wiki/Second_Epistle_of_John	https://www.wikidata.org/wiki/Q131453			
9613	3 John (literary tradition)		ܐܓܪܬܐ ܕܬܠܬ ܕܝܘܚܢܢ	96	http://wwwb.library.vanderbilt.edu/work/96	https://en.wikipedia.org/wiki/Third_Epistle_of_John	https://www.wikidata.org/wiki/Q131462			
9614	Jude (literary tradition)		ܐܓܪܬܐ ܕܝܗܘܕܐ	97	http://wwwb.library.vanderbilt.edu/work/97	https://en.wikipedia.org/wiki/Epistle_of_Jude	https://www.wikidata.org/wiki/Q131466			
9615	Revelation (literary tradition)		ܓܠܝܢܐ ܕܝܘܚܢܢ	98	http://wwwb.library.vanderbilt.edu/work/98	https://en.wikipedia.org/wiki/Book_of_Revelation	https://www.wikidata.org/wiki/Q42040	https://viaf.org/viaf/181843323		
9618	Hosea (literary tradition)		ܣܦܪܐ ܕܗܘܫܥ ܢܒܝܐ	28	http://wwwb.library.vanderbilt.edu/work/28	https://en.wikipedia.org/wiki/Book_of_Hosea	https://www.wikidata.org/wiki/Q184030	https://viaf.org/viaf/183467032	https://viaf.org/viaf/180609249	
9621	Ezekiel (literary tradition)		ܣܦܪܐ ܕܚܙܩܝܐܠ ܢܒܝܐ	26	http://wwwb.library.vanderbilt.edu/work/26	https://en.wikipedia.org/wiki/Book_of_Ezekiel	https://www.wikidata.org/wiki/Q178390	https://viaf.org/viaf/176193843		
9623	Proverbs (literary tradition)		ܣܦܪܐ ܕܡ̈ܬܠܐ ܕܫܠܝܡܘܢ	20	http://wwwb.library.vanderbilt.edu/work/20	https://en.wikipedia.org/wiki/Book_of_Proverbs	https://www.wikidata.org/wiki/Q4579			
9628	Genesis (literary tradition)		ܣܦܪܐ ܕܒܪܝܫܝܬ	1	http://wwwb.library.vanderbilt.edu/work/1	https://en.wikipedia.org/wiki/Book_of_Genesis	https://www.wikidata.org/wiki/Q9184	https://viaf.org/viaf/174582712		
9632	Exodus (literary tradition)		ܣܦܪܐ ܕܡܦܩܢܐ	2	http://wwwb.library.vanderbilt.edu/work/2	https://en.wikipedia.org/wiki/Book_of_Exodus	https://www.wikidata.org/wiki/Q9190			
9635	The Two Books of Samuel (literary tradition)		ܟܬܒܐ ܕܫܡܘܐܝܠ	44	http://wwwb.library.vanderbilt.edu/work/44	https://en.wikipedia.org/wiki/Books_of_Samuel	https://www.wikidata.org/wiki/Q181620			
9640	Isaiah (literary tradition)		ܣܦܪܐ ܕܐܫܥܝܐ ܒܪ ܐܡܘܨ	23	http://wwwb.library.vanderbilt.edu/work/23	https://en.wikipedia.org/wiki/Book_of_Isaiah	https://www.wikidata.org/wiki/Q131458	https://viaf.org/viaf/185867018		
9641	John (literary tradition)		ܣܦܪܐ ܕܝܘܚܢܢ	75	http://wwwb.library.vanderbilt.edu/work/75	https://en.wikipedia.org/wiki/Gospel_of_John	https://www.wikidata.org/wiki/Q36766	https://viaf.org/viaf/181843811		
9643	Epistles of Paul (literary tradition)		ܐܓܪ̈ܬܐ ܕܦܐܘܠܘܣ ܫܠܝܚܐ	159	http://wwwb.library.vanderbilt.edu/work/159	https://en.wikipedia.org/wiki/Pauline_epistles	https://www.wikidata.org/wiki/Q265283	https://viaf.org/viaf/176999286		
9644	Catholic Epistles (literary tradition)		ܐܓܪ̈ܬܐ ܩܐܬܘܠܝܩܐܣ	160	http://wwwb.library.vanderbilt.edu/work/160	https://en.wikipedia.org/wiki/Catholic_epistles	https://www.wikidata.org/wiki/Q755655			
9645	The Four Gospels (literary tradition)		ܛܛܪܐܘܢܓܠܝܘܢ	161	http://wwwb.library.vanderbilt.edu/work/161					
9646	Matthew (literary tradition)		ܣܦܪܐ ܕܗܘܫܥ ܢܒܝܐ	28	http://wwwb.library.vanderbilt.edu/work/28	https://en.wikipedia.org/wiki/Book_of_Hosea	https://www.wikidata.org/wiki/Q184030	https://viaf.org/viaf/183467032	https://viaf.org/viaf/180609249	
9647	Mark (literary tradition)		ܣܦܪܐ ܕܡܪܩܘܣ	73	http://wwwb.library.vanderbilt.edu/work/73	https://en.wikipedia.org/wiki/Gospel_of_Mark	https://www.wikidata.org/wiki/Q107388	https://viaf.org/viaf/179823714		
9648	Luke (literary tradition)		ܣܦܪܐ ܕܠܘܩܘܣ	74	http://wwwb.library.vanderbilt.edu/work/74	https://en.wikipedia.org/wiki/Gospel_of_Luke	https://www.wikidata.org/wiki/Q39939	https://viaf.org/viaf/175769882		
9649	Judges and Ruth (literary tradition)		ܟܬܒܐ ܕܕܝ̈ܢܐ ܘܟܬܒܐ ܕܐܪܥܘܬ	165	http://wwwb.library.vanderbilt.edu/work/165					
9650	Judges (literary tradition)		ܣܦܪܐ ܕܕܝܢ̈ܐ ܕܒܢ̈ܝ ܐܝܣܪܐܝܠ	7	http://wwwb.library.vanderbilt.edu/work/7	https://en.wikipedia.org/wiki/Book_of_Judges	https://www.wikidata.org/wiki/Q81240	https://viaf.org/viaf/89144814454212127787	https://viaf.org/viaf/644144783030144873502	
9651	Ruth (literary tradition)		ܣܦܪܐ ܕܪܥܘܬ ܡܘܐܒܝܬܐ	8	http://wwwb.library.vanderbilt.edu/work/8	https://en.wikipedia.org/wiki/Book_of_Ruth	https://www.wikidata.org/wiki/Q80038			
9652	Numbers (literary tradition)		ܣܦܪܐ ܕܡܢ̇ܝܢܐ	4	http://wwwb.library.vanderbilt.edu/work/4	https://en.wikipedia.org/wiki/Book_of_Numbers	https://www.wikidata.org/wiki/Q43099			
9662	1 Kings (literary tradition)		ܣܦܪܐ ܩܕܡ ܕܡܠܟ̈ܐ	11	http://wwwb.library.vanderbilt.edu/work/11					
9664	Ammonian sections and/or Eusebian canons (literary tradition)			180	http://wwwb.library.vanderbilt.edu/work/180					
9665	Gospel harmony (literary tradition)			181	http://wwwb.library.vanderbilt.edu/work/181					
9666	Joshua (literary tradition)		ܣܦܪܐ ܕܝܫܘܥ ܒܪ ܢܘܢ	6	http://wwwb.library.vanderbilt.edu/work/6	https://en.wikipedia.org/wiki/Book_of_Joshua	https://www.wikidata.org/wiki/Q47680	https://viaf.org/viaf/181443388		
9670	Psalm 151 (literary tradition)		ܡܙܡܘܪܐ ܕܡܐܐ ܘܚܡ̈ܫܝܢ ܘܚܕ	39	http://wwwb.library.vanderbilt.edu/work/39	https://en.wikipedia.org/wiki/Psalm_151	https://www.wikidata.org/wiki/Q1052253			
9672	Psalms (literary tradition)		ܣܦܪܐ ܕܡܙܡܘܪ̈ܐ	19	http://wwwb.library.vanderbilt.edu/work/19	https://en.wikipedia.org/wiki/Psalms	https://www.wikidata.org/wiki/Q41064			
9677	The History of Bel (literary tradition)		ܬܫܥܝܬܐ ܕܒܝܠ ܦܬܟܪܐ	193	http://wwwb.library.vanderbilt.edu/work/193					
9678	The History of the Dragon (literary tradition)		ܬܫܥܝܬܐ ܕܬܢܝܢܐ	194	http://wwwb.library.vanderbilt.edu/work/194					
9679	Beth Mawthbe (Sessions)  (literary tradition)		ܒܝܬ ܡ̈ܘܬܒܐ	195	http://wwwb.library.vanderbilt.edu/work/195					
9685	The Synoptic/First Three Gospels (literary tradition)			201	http://wwwb.library.vanderbilt.edu/work/201					
9686	Tobit (literary tradition)		ܣܦܪܐ ܕܛܘܒܝܛ	64	http://wwwb.library.vanderbilt.edu/work/64	https://en.wikipedia.org/wiki/Book_of_Tobit	https://www.wikidata.org/wiki/Q131737			
9687	The First Two Gospels (literary tradition)			203	http://wwwb.library.vanderbilt.edu/work/203					
9692	The Last Two Gospels (literary tradition)		ܐܘܢܓܠܣ̈ܛܐ ܬܪ̈ܝܢ ܠܘܩܐ. ܝܘܚܢܢ	208	http://wwwb.library.vanderbilt.edu/work/208					
9693	The Remaining Apostolic Epistles (literary tradition)			209	http://wwwb.library.vanderbilt.edu/work/209					
9694	The Apostolic Epistles (literary tradition)			210	http://wwwb.library.vanderbilt.edu/work/210					
9695	The Book of Women (literary tradition)		ܟܬܒܐ ܕܢܫ̈ܐ	211	http://wwwb.library.vanderbilt.edu/work/211					
9696	Thecla (literary tradition)		ܬܫܥܝܬܐ ܕܬܩܠܐ ܣܗܕܬܐ	212	http://wwwb.library.vanderbilt.edu/work/212					
9697	The First Two Books of the Maccabees (literary tradition)			213	http://wwwb.library.vanderbilt.edu/work/213					
9698	Protoevangelium of James (literary tradition)		ܡܘܠܕܗ ܕܡܪܢ ܘܐܝܠܝܕܘܬܗ ܕܡܪܬܝ ܡܪܝܡ	214	http://wwwb.library.vanderbilt.edu/work/214	https://en.wikipedia.org/wiki/Gospel_of_James	https://www.wikidata.org/wiki/Q328435			
9699	Matthew and John (literary tradition)			216	http://wwwb.library.vanderbilt.edu/work/216					
9702	James (literary tradition)		ܐܓܪܬܐ ܕܝܥܩܘܒ ܫܠܝܚܐ	91	http://wwwb.library.vanderbilt.edu/work/91	https://en.wikipedia.org/wiki/Epistle_of_James	https://www.wikidata.org/wiki/Q131097	https://viaf.org/viaf/182251478		
9703	2 Peter (literary tradition)		ܐܓܪܬܐ ܕܬܪܬܝܢ ܕܦܛܪܘܣ	93	http://wwwb.library.vanderbilt.edu/work/93	https://en.wikipedia.org/wiki/Second_Epistle_of_Peter	https://www.wikidata.org/wiki/Q131178			
9704	1 John (literary tradition)		ܐܓܪܬܐ ܕܝܘܚܢܢ ܫܠܝܚܐ	94	http://wwwb.library.vanderbilt.edu/work/94	https://en.wikipedia.org/wiki/First_Epistle_of_John	https://www.wikidata.org/wiki/Q131101			
9706	1 Esdras (3 Ezra) (literary tradition)		ܟܬܒܐ ܩܕܡܝܐ ܕܥܙܪܐ	40	http://wwwb.library.vanderbilt.edu/work/40	https://en.wikipedia.org/wiki/1_Esdras	https://www.wikidata.org/wiki/Q1200049			
9710	Psalms of Solomon (literary tradition)			9508	http://wwwb.library.vanderbilt.edu/work/9508	https://en.wikipedia.org/wiki/Psalms_of_Solomon	https://www.wikidata.org/wiki/Q1418058			
9712	Prayer of Manasseh (literary tradition)		ܨܠܿܘܬܐ ܕܡܢܫܐ	9510	http://wwwb.library.vanderbilt.edu/work/9510	https://en.wikipedia.org/wiki/Prayer_of_Manasseh	https://www.wikidata.org/wiki/Q1337449			
9713	Apocryphal Psalms (151-155) (literary tradition)		ܚܡܫܐ ܡܙܡܘܪ̈ܐ ܕܠܝܬܝܗܘܢ ܡܼܢ ܡܢܝܢܐ ܝܘܢܝܐ ܘܠܐ ܥܒܪܝܐ	9511	http://wwwb.library.vanderbilt.edu/work/9511					
9715	Jonah (literary tradition)		ܣܦܪܐ ܕܝܘܢܢ ܢܒܝܐ	9714	http://wwwb.library.vanderbilt.edu/work/9714	https://en.wikipedia.org/wiki/Book_of_Jonah	https://www.wikidata.org/wiki/Q178819	https://viaf.org/viaf/213145294	https://viaf.org/viaf/183065974	
9718	Additions to Esther (literary tradition)		ܣܦܪܐ ܕܐܣܬܝܪ	9717	http://wwwb.library.vanderbilt.edu/work/9717	https://en.wikipedia.org/wiki/Book_of_Esther#Additions_to_Esther	https://www.wikidata.org/wiki/Q131068			
9720	Epistle of Jeremiah (literary tradition)		ܐܓܪܬܐ ܕܐܪܡܝܐ	9719	http://wwwb.library.vanderbilt.edu/work/9719	https://en.wikipedia.org/wiki/Letter_of_Jeremiah	https://www.wikidata.org/wiki/Q757010			
9722	Additions to Daniel (literary tradition)		ܣܦܪܐ ܕܕܢܝܐܝܠ (ܕܫܘܫܢ)	9721	http://wwwb.library.vanderbilt.edu/work/9721	https://en.wikipedia.org/wiki/Additions_to_Daniel	https://www.wikidata.org/wiki/Q912549			
10502	Psalms 152-155 (literary tradition)			10501	http://wwwb.library.vanderbilt.edu/work/10501	https://en.wikipedia.org/wiki/Psalms_152–155	https://www.wikidata.org/wiki/Q1317857			
10504	Prayer of Azariah (literary tradition)		ܨܠܘܬܐ ܕܥܙܪܝܐ ܘܕܚܒܪ̈ܘܗܝ	10503	http://wwwb.library.vanderbilt.edu/work/10503					
10507	Canticles (literary tradition)		ܬܫܒ̈ܚܬܐ ܟܠܗܝܢ	10506	http://wwwb.library.vanderbilt.edu/work/10506	https://en.wikipedia.org/wiki/Book_of_Odes_(Bible)	https://www.wikidata.org/wiki/Q997766			
10509	2 Baruch (Apocalypse of Baruch) (literary tradition)			10508	http://wwwb.library.vanderbilt.edu/work/10508	https://en.wikipedia.org/wiki/2_Baruch	https://www.wikidata.org/wiki/Q619838			